conference_name,official_url,resolved_on,method,start_date,end_date,logo_url,banner_url
Gastech 2026,https://www.gastechevent.com/,2026-09-11,web_search,,,,
National Frozen & Refrigerated Foods Convention,https://nfraconvention.org/,2026-09-11,web_search,,,,
AAPG Eastern Section Annual Meeting 2026,https://www.esaapg.org/,2026-09-11,web_search,,,https://www.esaapg.org/wp-content/uploads/2019/04/logo-7.png,https://www.esaapg.org/wp-content/uploads/2019/05/background1-1.png
2026 6th International Conference on Intelligent Technology and Embedded Systems,https://www.icites.net/,2026-09-11,web_search,,,https://www.icites.net/images/logo.png,https://www.icites.net/images/banner.jpg
2026 8th International Conference on Circuits and Systems,https://iccs.org/,2026-09-11,web_search,,,https://iccs.org/images/logo.png,https://iccs.org/images/ICCS-banner-1.jpg
20th Vaccine Congress,https://www.elsevier.com/events/conferences/all/vaccine-congress,2026-09-11,web_search,,,https://www.elsevier.com/images/elsevier-logo-orange.svg,https://media.ffycdn.net/eu/elsevier/d/34017c43de3b415783848d805d51ec24?w=1200&amp;q=75
Food Structure & Functionality Symposium,https://www.elsevier.com/events/conferences/all/food-structure-and-functionality-forum-symposium,2026-09-11,web_search,,,https://www.elsevier.com/images/elsevier-logo-orange.svg,https://media.ffycdn.net/eu/elsevier/d/34017c43de3b415783848d805d51ec24?w=1200&amp;q=75
2026 9th International Conference on Information Communication and Signal Processing,https://www.icsp.org/,2026-09-11,web_search,,,https://www.icsp.org/htmlimg/logo/header1.png,https://www.icsp.org/htmlimg/logo/header2.png
2026 4th International Conference on Power and Renewable Energy Engineering,https://www.pree.net/,2026-09-11,web_search,,,https://www.pree.net/style/images/logo/logo2.png,https://www.pree.net/style/images/banner-1.jpg
2026 9th International Conference on Healthcare Service Management,https://www.ichsm.org/,2026-09-11,web_search,,,https://www.ichsm.org/images/IOS-logo.png,https://www.ichsm.org/images/001.jpg
2026 9th International Conference on Computational Intelligence and Intelligent Systems,https://ciis.net/,2026-09-11,web_search,,,https://ciis.net/style/images/logo_2.gif,https://ciis.net/style/images/SCIEI%20LOGO.png
2026 4th International Conference on Artificial Intelligence and Power Engineering,https://www.aipe.org/,2026-09-11,web_search,,,https://www.aipe.org/img/AIPE-logo.png,https://www.aipe.org/img/slider/AIPE-banner.jpg
2026 9th International Conference on Robotic Systems and Applications,https://www.icrsa.org/,2026-09-11,web_search,,,https://www.icrsa.org/style/images/logo/mlogo.png,https://www.icrsa.org/style/images/banner.gif
2026 5th International Conference on Mechanical Engineering and Power Engineering,https://www.mepe.org/,2026-09-11,web_search,,,https://www.mepe.org/img/logo.png,https://www.mepe.org/img/slides/1.jpg
2026 2nd International Conference on Image and Video Processing,https://icivp.org/,2026-09-11,web_search,,,https://icivp.org/static/picture/logo.png,https://icivp.org/static/image/banner.jpg
Ukraine Recovery Conference 2027,https://urc27.org/,2026-09-11,web_search,,,,
"Energy Geoscience Conference EGC2, P&J Live",https://www.energygeoscienceconf.org/,2026-09-11,web_search,,,,
Global Offshore Wind 2027,https://www.renewableuk.com/events/global-offshore-wind-2027/,2026-09-11,web_search,,,,
2026 2nd International Conference on Artificial Intelligence Security and Governance,https://www.icaisg.org/,2026-09-12,web_search,,,https://www.icaisg.org/images/logo.png,https://www.icaisg.org/images/icons/pdf.png
"2026 9th International Conference on Mechanical, System and Control Engineering",https://www.icmsc.org/,2026-09-12,web_search,,,https://www.icmsc.org/style/htmlimg/logo/logo.png,https://www.icmsc.org/style/htmlimg/LNME.jpg
2026 17th Asia Conference on Mechanical and Aerospace Engineering,https://www.acmae.com/,2026-09-12,web_search,,,https://www.acmae.com/assets/img/logo.png,https://www.acmae.com/assets/img/slider.jpg
2026 6th International Conference on Artificial Intelligence and Application Technologies,https://www.aiat.org/,2026-09-12,web_search,,,https://www.aiat.org/images/logos/ACM.png,https://www.aiat.org/images/slider/slider-bg1.jpg
"2026 13th International Conference on Mechanical, Automotive and Materials Engineering",https://www.icmame.com/,2026-09-12,web_search,,,https://www.icmame.com/img/logo_1.png,https://www.icmame.com/img/photos/CMAME-banner_01.png
"2026 6th International Conference on Robotics, Automation, and Artificial Intelligence",https://www.raai.net/,2026-09-12,web_search,,,https://www.raai.net/img/intro-carousel/logo.png,https://www.raai.net/img/banner1.jpg
2026 8th International Conference on Progress in Mechanical and Aerospace Engineering,https://www.pmae.org/,2026-09-12,web_search,,,https://www.pmae.org/img/logo/NUS_1.png,https://www.pmae.org/img/photos/PMAE-2026-banenr.png
"2027 10th International Conference on Energy, Electrical and Power Engineering",https://www.ceepe.net/,2026-09-12,web_search,,,https://www.ceepe.net/style/images/CEEPE%20logo.png,https://www.ceepe.net/style/images/CEEPE2027-banner.jpg
2027 8th Asia Conference on Renewable Energy and Environmental Engineering,https://www.areee.org/,2026-09-12,web_search,,,https://www.areee.org/img/logo.png,https://www.areee.org/img/slides/1.jpg
2027 14th International Conference on Electrical and Electronics Engineering,https://www.iceee.org/,2026-09-12,web_search,,,,https://www.iceee.org/images/icon/ieee-turkey.png
2027 The 10th International Conference on Artificial Intelligence and Big Data,https://www.icaibd.org/,2026-09-12,web_search,,,https://www.icaibd.org/Assets/images/ICAIBD-logo.png,https://www.icaibd.org/Assets/upload/banner.jpg
2027 The 13th International Conference on Frontiers of Educational Technologies,https://www.icfet.org/,2026-09-12,web_search,,,https://www.icfet.org/assets/img/images_%E5%89%AF%E6%9C%AC.png,https://www.icfet.org/assets/img/banner1.jpg
2027 International Conference on Green Civil Engineering,https://www.icgce.org/,2026-09-12,web_search,,,https://www.icgce.org/img/logo.png,https://www.icgce.org/img/img2.jpg
2027 International Conference on Mechanical Engineering and Materials,https://www.icmem.org/,2026-09-12,web_search,,,https://www.icmem.org/images/logo.png,https://www.icmem.org/img-rev-slider/bg-1.jpg
2027 9th International Conference on Clean Energy and Electrical Systems,https://www.cees.net/,2026-09-12,web_search,,,https://www.cees.net/style/images/CEES-logo.png,https://www.cees.net/style/images/cees-banner1.jpg
11th International Conference on Advanced Thin Films and Coatings,https://www.academicx.org/ATFC/2027/,2026-09-12,web_search,,,https://www.academicx.org/images/Acdemic_logo.svg,https://www.academicx.org/images/Scientific.jpg
7th International Conference on Materials Physics and Chemistry,https://www.academicx.org/ICMPC/2027/,2026-09-12,web_search,,,https://www.academicx.org/images/Acdemic_logo.svg,https://www.academicx.org/images/Scientific.jpg
2027 International Conference on Civil and Building Materials,https://www.iccbm.org/,2026-09-12,web_search,,,https://www.iccbm.org/style/images/banner1.jpg,https://www.iccbm.org/style/images/banner2.jpg
2027 International Conference on Building Materials and Construction,https://icbmc.org/,2026-09-12,web_search,,,https://icbmc.org/style/img/logos/must.png,https://icbmc.org/style/img/banner.jpg
2027 International Conference on Materials and Functional Manufacturing,https://www.icmfm.org/,2026-09-12,web_search,,,https://www.icmfm.org/img/logo.png,https://www.icmfm.org/img/logo-springer.png
2027 International Conference on Environmental Systems and Sustainability,https://icess.org/,2026-09-12,web_search,,,,
2027 International Conference on Robotics and Intelligent Control,https://www.icric.org/,2026-09-12,web_search,,,https://www.icric.org/images/logos/logo.png,https://www.icric.org/images/slider/slider-bg1.jpg
2027 8th International Conference on Information Technology and Education Technology,https://www.itet.net/,2026-09-12,web_search,,,https://www.itet.net/style/images/logo_head_v1.png,https://www.itet.net/style/images/main.jpg
SIGGRAPH Asia 2026,https://asia.siggraph.org/2026/,2026-09-12,web_search,,,,
SIGGRAPH 2027,https://www.siggraph.org/,2026-09-12,web_search,,,,
UN Climate Change Conference COP31,https://cop31.tr/,2026-09-12,web_search,,,https://cop31.tr/assets/images/cop31-logo.svg,https://cop31.tr/api/media/file/cop31-banner-3.jpg
Prince Mahidol Award Conference 2027,https://pmac2027.com/,2026-09-12,web_search,,,,
World Scout Conference 2027,https://www.scout.org/event/44th-world-scout-conference,2026-09-12,web_search,,,,https://www.scout.org/sites/default/files/styles/hero_4k/public/2022-01/vo20180810_0117.jpeg.webp?itok=ToKQt50L
Pangborn 2027: 17th Pangborn Sensory Science Symposium,https://www.pangbornsymposium.com/,2026-09-12,web_search,,,,https://www.pangbornsymposium.com/resources/updateable/img/pangborn17-location.jpg
6th Global Food Security Conference,https://www.globalfoodsecurityconference.com/,2026-09-12,web_search,,,,
Cervical Spine Research Society Annual Meeting 2027,https://www.csrs.org/,2026-09-12,web_search,,,https://www.csrs.org/images/csrs-logo-light-no-text.png,https://www.csrs.org/images/hero/spine-banner.jpg
African Studies Association Annual Meeting 2027,https://africanstudies.org/,2026-09-12,web_search,,,https://africanstudies.org/wp-content/uploads/2023/01/ASA-Logo-FINAL.svg,https://africanstudies.org/wp-content/uploads/2023/06/African-Studies-Association.jpg
"2027 14th International Conference on Mechanics, Materials and Manufacturing",http://www.icmmm.org/,2026-09-12,web_search,,,https://www.icmmm.org/style/images/icmmm-logo-02.png,https://www.icmmm.org/style/images/banner1.jpg
2027 5th International Conference on Precision Engineering and Mechanical Manufacturing,https://www.pemm.net/,2026-09-12,web_search,,,https://www.pemm.net/images/logos/submit.png,https://www.pemm.net/images/iop_cover.jpg
2027 7th International Conference on Software Engineering and Artificial Intelligence,https://www.seai.org/,2026-09-12,web_search,,,https://www.seai.org/style/images/logo/huaqiao.gif,https://www.seai.org/style/images/itnac_noyear_0_0.png
"2027 The 10th International Conference on Circuits, Systems and Simulation",https://www.iccss.org/,2026-09-12,web_search,,,https://www.iccss.org/static/logo/ICCSS%20logo.png,https://www.iccss.org/static/picture/Banner1.jpg
2027 9th International Conference on Advanced Mechanical and Electrical Engineering,https://www.amee.net/,2026-09-12,web_search,,,https://www.amee.net/static/image/logo/logo.png,https://www.amee.net/static/image/Banner/Banner1.jpg
2027 5th International Conference on Mechatronics and Electrical Engineering,https://www.meee.org/,2026-09-12,web_search,,,https://www.meee.org/images/MEEE-logo.png,https://www.meee.org/images/more1.jpg
2027 International Conference on Power Systems and Control Engineering,https://www.psce.net/,2026-09-12,web_search,,,https://www.psce.net/static/image/logo-24.png,https://www.psce.net/static/image/banner-03.jpg
2027 5th International Forum on Clean Energy Engineering,https://www.fcee.net/,2026-09-12,web_search,,,https://www.fcee.net/images/logo-wide@2x.png,https://www.fcee.net/images/bg/slide1.jpg
2027 IEEE 3rd International Conference on Power and Integrated Energy Systems,https://www.icpies.org/,2026-09-12,web_search,,,https://www.icpies.org/style/images/logo/ICPIES%202026.png,https://www.icpies.org/style/images/notice.png
2027 IEEE International Conference on Artificial Intelligence and Generated Content,https://icaigc.org/,2026-09-12,web_search,,,,https://icaigc.org/images/index/tubiao1.png
2027 14th International Conference on Management and Education Innovation,https://www.icmei.org/,2026-09-12,web_search,,,https://www.icmei.org/img/logo/logo.png,https://www.icmei.org/img/banner/ICMEI-banner_01.jpg
2027 International Conference on System Safety and Security,https://www.icsss.net/,2026-09-12,web_search,,,https://www.icsss.net/assets/images/logo/logo.png,https://www.icsss.net/assets/images/coming-soon/1.png
2027 Civil Engineering and Architecture Conference,https://www.ceac.net/,2026-09-12,web_search,,,https://www.ceac.net/style/images/logo/hanoi1.png,https://www.ceac.net/style/images/banner.jpg
2027 International Conference on Architecture and Environmental Research,https://www.icaer.org/,2026-09-12,web_search,,,https://www.icaer.org/images/logo-wide@2x.png,https://www.icaer.org/images/bg/slide1.jpg
"Dubai International Conference on Teaching, Education & Learning",https://teacherforum.org/dubai-ictel-16-17-feb-2027,2026-09-12,web_search,,,,https://teacherforum.org/public/uploads/Banners/2.jpg
14th Global Conference & Expo on Materials Science and Engineering,https://inovscitechconferences.com/2027/paris/matscieng/,2026-09-12,web_search,,,https://inovscitechconferences.com/2027/paris/matscieng/images/logo.png,https://inovscitechconferences.com/group-photo.png
EduCon Tokyo – International Conference on Education,https://teacherforum.org/tokyo-educon-13-14-apr-2027,2026-09-12,web_search,,,,https://teacherforum.org/public/uploads/Banners/2.jpg
14th International Conference on Advanced Nanomaterials and Emerging Applications,https://www.academicx.org/ANEA/2027/,2026-09-12,web_search,,,https://www.academicx.org/images/Acdemic_logo.svg,https://www.academicx.org/images/Scientific.jpg
EduCon London – International Conference on Education,https://teacherforum.org/london-educon-26-27-apr-2027,2026-09-12,web_search,,,,https://teacherforum.org/public/uploads/Banners/2.jpg
Cell Press Symposia: Hallmarks of Aging,https://cell-press-symposia.com/hallmarksofaging-2026/index.html,2026-09-12,web_search,,,,https://cell-press-symposia.com/hallmarksofaging-2026/_common/updateable/img/Aging_SI_banner_square.png
Cell Press Symposia: Drugging the Undruggable,https://cell-press-symposia.com/drugging-the-undruggable-2027/index.html,2026-09-12,web_search,,,,https://cell-press-symposia.com/drugging-the-undruggable-2027/_common/updateable/img/CPSymposia_Undruggable_Slider_530x207px_V1.jpg
Cell Press Symposia: Functional RNAs,https://cell-press-symposia.com/rnas-2027/index.html,2026-09-12,web_search,,,,https://cell-press-symposia.com/rnas-2027/_common/updateable/img/CPSymposia_FunctionalRNA_Headers_530x207px_V1_SCIENTIFIC.jpg
EPIDEMICS 11: 11th International Conference on Infectious Disease Dynamics,https://www.elsevier.com/events/conferences/all/international-conference-on-infectious-disease-dynamics,2026-09-12,web_search,,,https://www.elsevier.com/images/elsevier-logo-orange.svg,https://media.ffycdn.net/eu/elsevier/d/c412249451f941b1864672ee9aac5536?w=1200&amp;q=75
Cell Symposia: Taking Programmed Cell Death from Mechanisms to Interventions,https://cell-press-symposia.com/cell-death-2026/index.html,2026-09-12,web_search,,,,https://cell-press-symposia.com/cell-death-2026/_common/updateable/img/CPSymposia_CellDeath_Slider_View_Program_530x207px_V1.jpg
"Cell Press Symposia: Biological Function in 3D — Structure, Dynamics, and AI",https://cell-press-symposia.com/3Dbiologicalfunction-2026/index.html,2026-09-12,web_search,,,,https://cell-press-symposia.com/3Dbiologicalfunction-2026/_common/updateable/img/CPSymposia_BiologicalFunction_Register_530x207px_V1.jpg
Cell Symposia: Decoding Cellular Complexity — Single Cell Biology in the Era of AI,https://cell-press-symposia.com/single-cell-biology-2026/index.html,2026-09-12,web_search,,,,https://cell-press-symposia.com/single-cell-biology-2026/_common/updateable/img/CPSymposia_CellularComplexity_Slider_530x207px_V1-RegisterEarly.jpg
Cell Press Symposia: Neuro-immune Axis — Charting the Periphery,https://cell-press-symposia.com/neuroimmunology-2027/index.html,2026-09-12,web_search,2027-10-13,2027-10-15,,https://cell-press-symposia.com/neuroimmunology-2027/_common/updateable/img/CPSymposia_NeuroimmuneAxis_Slider_530x207px_V1.jpg
Cell Press Symposia: Neurometabolism in Health and Disease,https://cell-press-symposia.com/neurometabolism-2027/index.html,2026-09-12,web_search,,,,https://cell-press-symposia.com/neurometabolism-2027/_common/updateable/img/scientific-image.jpg
Cell Press Symposia: Advanced Models of Human Biology and Disease,https://cell-press-symposia.com/organoids-nams-2027/index.html,2026-09-12,web_search,,,,https://cell-press-symposia.com/organoids-nams-2027/_common/updateable/pdf/2607061200_CP2603820_CPSymposia_Organoids_2027_Slider_530x207px_V1.jpg
Cell Press Symposia: Next-generation Cell Biology,https://cell-press-symposia.com/next-gen-cell-biology-2027/index.html,2026-09-12,web_search,,,,https://cell-press-symposia.com/next-gen-cell-biology-2027/_common/updateable/img/2607091509_CP2604079_CPSymposia_CellBiology_Slider_530x207px_V1.jpg
Future Foods Congress 2027,https://www.elsevier.com/events/conferences/all/future-foods-congress,2026-09-12,web_search,,,https://www.elsevier.com/images/elsevier-logo-orange.svg,https://media.ffycdn.net/eu/elsevier/d/8ad94de42e924b35aea77bf7843434a5?w=1200&amp;q=75
Global Emergency Nursing Conference 2027,https://www.elsevier.com/events/conferences/all/global-emergency-nursing-conference,2026-09-12,web_search,,,https://www.elsevier.com/images/elsevier-logo-orange.svg,https://media.ffycdn.net/eu/elsevier/d/1017492b20124ae0ab5b8853c90afe0f?w=1200&amp;q=75
Desalination Science and Technology 2027,https://www.elsevier.com/events/conferences/all/desalination-science-and-technology,2026-09-12,web_search,,,https://www.elsevier.com/images/elsevier-logo-orange.svg,https://media.ffycdn.net/eu/elsevier/d/e81460939f2c4c6b84c75bbe552eb288?w=1200&amp;q=75
"5th International Conference on Bioresource Technology for Bioenergy, Bioproducts & Environmental Sustainability",https://www.elsevier.com/events/conferences/all/international-conference-on-bioresource-technology-for-bioenergy-bioproducts-and-environmental-sustainability,2026-09-12,web_search,,,https://www.elsevier.com/images/elsevier-logo-orange.svg,https://media.ffycdn.net/eu/elsevier/d/1efa33a23b3543fc9926b4df12905e94?mod=v1/resize=3840/output=webp/quality=75
International Conference on One Health 2027,https://www.elsevier.com/events/conferences/all/international-conference-on-one-health,2026-09-12,web_search,,,https://www.elsevier.com/images/elsevier-logo-orange.svg,https://media.ffycdn.net/eu/elsevier/d/e6e61d2ae3154d048563d4f6cb7a473d?w=1200&amp;q=75
Transportation Research Symposium 2027,https://www.elsevier.com/events/conferences/all/transport-research-symposium,2026-09-12,web_search,,,https://www.elsevier.com/images/elsevier-logo-orange.svg,https://media.ffycdn.net/eu/elsevier/d/95d431183f9645968efb23ae207104f9?mod=v1/resize=3840/output=webp/quality=75
International Congress: Psoriasis – from Gene to Clinic 2027,https://psoriasisg2c.com/,2026-09-12,web_search,,,https://psoriasisg2c.com/wp-content/uploads/2023/04/psoriasis-g2c-logo-light-150px.png,https://psoriasisg2c.com/wp-content/plugins/fusion-builder/assets/images/iLightbox/metro-white-skin/caption-bg.png
Gastech 2026,,2026-09-12,supplied,,,https://www.gastechevent.com/media/aqpcl4x4/gastech-2026-logo-black.png,
2026 6th International Conference on Computer Communication and Information Systems,,2026-09-12,supplied,,,https://cccis.org/htmlimg/cccis_logo.png,
2026 10th International Conference on Communications and Future Internet,,2026-09-12,supplied,,,https://www.iccfi.org/style/images/ICCFI-logo.png,
SPE ATCE 2026 Annual Technical Conference and Exhibition,,2026-09-12,supplied,,,https://cdn.asp.events/CLIENT_SPE__29FE44FF_5056_B733_49EC4D60A02A6A7D/sites/26ATCE/media/logos/NEW-SPE-ATCE-LOGO-GRADIENT.png,
2026 12th International Conference on Mechanical Engineering and Aerospace Engineering,,2026-09-12,supplied,,,https://www.meae.org/images/logo.png,
RSNA Annual Meeting 2026,,2026-09-12,supplied,,,https://www.rsna.org/-/media/images/rsna/annual-meeting/2026/rsna_2026_logo_color_fin.png?hash=209FF7E1087515064C3CACAF7024365E&rev=53148db37730402f90666a3f7fdf2436,
SIGGRAPH Asia 2026,,2026-09-12,supplied,,,https://asia.siggraph.org/2026/wp-content/uploads/2026/06/1_Logo_Standard_Horizontal.png,
Prince Mahidol Award Conference 2027,,2026-09-12,supplied,,,https://pmac2027.com/assets/pmac2027/img/banner.png,
2027 International Conference on Environmental Systems and Sustainability,,2026-09-12,supplied,,,https://icess.org/htmlimg/logo.png,
2027 6th Asia-Pacific Computer Technology Conference,,2026-09-12,supplied,,,https://www.apct.net/img/logo-big-02.jpg,
Meta Connect 2026,https://www.meta.com/connect/,2026-09-12,web_search,,,,
IROS 2026 — IEEE/RSJ International Conference on Intelligent Robots and Systems,https://2026.ieee-iros.org/,2026-09-12,web_search,,,,
ICIP 2026,https://2026.ieeeicip.org/,2026-09-12,web_search,,,,
AI+X Summit 2026,https://www.plusx.ai/,2026-09-12,web_search,,,,
CoRL 2026 — Conference on Robot Learning,https://www.corl.org/,2026-09-12,web_search,,,,
ACM Multimedia 2026,https://2026.acmmm.org/,2026-09-12,web_search,,,,
AAMAS 2027 — International Conference on Autonomous Agents and Multiagent Systems,https://warwick.ac.uk/fac/sci/dcs/aamas2027/,2026-09-12,web_search,,,,
IEEE ICRA 2027,https://2027.ieee-icra.org/,2026-09-12,web_search,,,,
World Summit AI 2026 — Amsterdam,https://worldsummit.ai/,2026-09-12,web_search,,,,
All Things Open 2026,https://2026.allthingsopen.org/,2026-09-12,web_search,,,,
ACML 2026 — Asian Conference on Machine Learning,https://www.acml-conf.org/2026/,2026-09-12,web_search,,,,
Automate 2027,https://www.automateshow.com/,2026-09-12,web_search,,,,
Zurich AI Festival 2026,https://www.zurichaifestival.ch/,2026-09-12,web_search,,,,
WI-IAT 2026 — Web Intelligence and Intelligent Agent Technology,https://wi-iat.org/wi-iat2026/,2026-09-12,web_search,,,,
TechEx Global 2027,https://techexevent.com/global/,2026-09-12,web_search,,,,
Data & AI Conference Europe 2026,https://irmuk.co.uk/data-ai-conference-2026/,2026-09-12,web_search,,,,
SciPy India 2026,https://scipy.in/2026/,2026-09-12,web_search,,,,
AI DevWorld 2027,https://aidevworld.com/,2026-09-12,web_search,,,,
AI Con USA 2027,https://aiconusa.techwell.com/,2026-09-12,web_search,,,,
Data Summit 2027,https://www.dbta.com/datasummit/,2026-09-12,web_search,,,,
AI Expo Europe 2026,https://aiexpoeurope.com/,2026-09-12,web_search,,,,
ASOCIO Digital AI Summit 2026,https://asocio.aptiknas.org/,2026-09-12,web_search,,,,
GITEX AI LATAM 2027,https://www.gitexlatam.com/,2026-09-12,web_search,,,,
Tech.AD USA 2026,https://www.autonomous-driving-detroit.com/,2026-09-12,web_search,,,,
Futureproof Festival of AI 2026,https://www.futureproof.website/,2026-09-12,web_search,,,,
The Boston AI Summit 2026,https://aiweek.boston/summit,2026-09-12,web_search,,,,
The 4th Annual AI Regulation Summit,https://www.cityandfinancialglobal.com/the-4th-annual-ai-regulation-summit-2026,2026-09-12,web_search,,,,
AiX Conference 2027,https://aixconf.co.uk/,2026-09-12,web_search,,,,
Annual EuroFinance International Treasury Management,https://www.eurofinance.com/international-treasury-event/,2026-09-12,page_read,,,https://www.eurofinance.com/international-treasury-event/wp-content/uploads/sites/23/2026/04/EE-EuroFinance-Black.svg,https://www.eurofinance.com/international-treasury-event/wp-content/uploads/sites/23/2026/03/50-corporate-treasury-tehcnology-case-studies.png
West Texas Geological Society (WTGS) and Southwest Section (SWS) AAPG Centennial Conference,https://www.wtgs.org/news/2026-wtgs-sws-aapg-centennial-conference,2026-09-12,page_read,,,https://www.wtgs.org/sites/default/files/WTGS_logo.png,https://www.wtgs.org/sites/default/files/2025-02/WTGS%20Publications%20Banner-01%20%281%29%20%281%29.jpg
7th Biennial AAPG Mid-Continent Section Field Conference,https://tulsageologicalsociety.wildapricot.org/event-6789490,2026-09-12,page_read,,,https://tulsageologicalsociety.wildapricot.org/resources/Pictures/TGS_LOGOv2.png,
Hacking & Cyber Security Briefing Conference,https://www.c0c0n.org/,2026-09-12,page_read,,,,https://www.c0c0n.org/img/whyattend.png
Entrepreneur,https://www.entrepreneurindia.com/,2026-09-12,page_read,,,https://www.entrepreneurindia.com/assets/img/logonew.png,https://www.entrepreneurindia.com/assets/img/bg/feature_bg_1.jpg
4th NIZO Plant Protein Functionality Conference,https://nizoplantproteinconference.com/,2026-09-12,page_read,,,,https://nizoplantproteinconference.com/resources/updateable/img/organisers/nizo.jpg
AAPG Rocky Mountain Section Annual Meeting 2026,https://www.rms-aapg2026.com/,2026-09-12,page_read,,,https://irp.cdn-website.com/d81dc6c8/dms3rep/multi/opt/RMS-AAPG2026_logo-573h.png,https://irp.cdn-website.com/d81dc6c8/dms3rep/multi/opt/DIG+geochem+for+energy+logo+table+cover-427w.png
World Health Summit 2026,https://www.worldhealthsummit.org/events/annual-whs/2026,2026-09-12,page_read,,,https://a.storyblok.com/f/305196/2086x1132/e04ca8084e/whs_academic_alliance_logo_blue_type_rgb.png/m/1280x720/filters:quality(45):format(webp),https://a.storyblok.com/f/305196/4000x2667/86470ea3c7/whs_pd05_2025_-1045-2.jpg/m/1280x0/filters:quality(35):format(webp)
SPE Asia Pacific Oil & Gas Conference and Exhibition 2026,https://www.spe-events.org/apogce2026,2026-09-12,page_read,,,https://cdn.asp.events/CLIENT_SPE__29FE44FF_5056_B733_49EC4D60A02A6A7D/sites/spe-apogce-2026/media/logos/SPE_Tagline_Logo_Blue_NEW.png,https://assets.spe.org/dims4/default/2775462/2147483647/resize/x564%3E/quality/90/?url=http%3A%2F%2Fspe-brightspot.s3.us-east-2.amazonaws.com%2F89%2F15%2F73f80abd413588c8cbeee9b93d65%2Fjpt-2026-9-globalhero.jpg
2026 16th International Conference on Information and Multimedia Technology,https://www.icimt.org/,2026-09-12,page_read,,,https://www.icimt.org/images/LOGO.png,https://www.icimt.org/images/banner.jpg
2nd Global Cleaner Production Conference,https://www.elsevier.com/events/conferences/all/global-cleaner-production-conference,2026-09-12,page_read,,,https://www.elsevier.com/images/elsevier-logo-orange.svg,https://media.ffycdn.net/eu/elsevier/d/34017c43de3b415783848d805d51ec24?w=1200&amp;q=75
2026 6th International Joint Conference on Robotics and Artificial Intelligence,https://www.jcrai.org/,2026-09-12,page_read,,,https://siteoss.forwardacademy.org.cn/images/site/logo/a76024b32b4c4fddbdeea3b263d3c510.png,https://siteoss.forwardacademy.org.cn/images/site/banner/4e10143976235b7313ab25a32e322212.jpg
2026 12th International Conference on Communication and Information Processing,https://iccip.org/,2026-09-12,page_read,,,https://iccip.org/img/logo/logo.png,https://iccip.org/img/logo/bjyddx.png
2026 11th International Conference on Power Electronics Systems and Applications,https://www.icpesa.net/,2026-09-12,page_read,,,https://www.icpesa.net/style/images/logo/ieee.png,https://www.icpesa.net/style/images/banner/banner1.jpg
2026 13th International Conference on Soft Computing & Machine Intelligence,https://www.iscmi.us/,2026-09-12,page_read,,,https://www.iscmi.us/static/image/IEEE_logo.png,https://www.iscmi.us/static/image/EIS_cover.png
AWS re:Invent 2026,https://aws.amazon.com/events/reinvent/,2026-09-12,page_read,,,https://d1.awsstatic.com/onedam/marketing-channels/website/aws/en_US/events/approved/reinvent26/RIV-navlogo-v2.f95e8a33c69deb053e79828b0806c68944922fd7.png,https://d1.awsstatic.com/onedam/marketing-channels/website/aws/en_US/events/approved/images/26fb240213f80570ec3ab8d25f2f82bc-aws-reinvent-2024-logo-white-2332x508.011aa6873f2b27743b29f3949e73173285f8436c.png
ADIPEC 2026 Abu Dhabi International Petroleum Exhibition and Conference,https://www.adipec.com/,2026-09-12,page_read,,,https://www.adipec.com/media/bzvko2ou/adipeclogo.png,https://www.adipec.com/media/50ufjpxx/970x90.gif
2026 9th International Conference on Environment and Ocean Engineering,https://www.iceoe.org/,2026-09-12,page_read,,,https://www.iceoe.org/static/image/logo.png,https://www.iceoe.org/static/picture/Home-1.jpg
URTeC Latin America Unconventional Resources Summit 2026,https://urtec.org/latinamerica/,2026-09-12,page_read,,,https://urtec.org/latinamerica/wp-content/uploads/sites/6/2026/07/URTeC-latinamerica-logo-white-scaled.png,https://urtec.org/latinamerica/wp-content/uploads/sites/6/2026/07/Horacio-Marin.png
AAPG International Conference & Exhibition (ICE) 2026,https://iceevent.org/2026/,2026-09-12,page_read,,,https://iceevent.org/2026/wp-content/uploads/sites/2/2026/02/ICE-Jakarta-logo.png,https://iceevent.org/2026/wp-content/uploads/sites/2/2026/02/ICE26-website-background.jpg
12th IAFOR International Conference on Education in Hawaii,https://iicehawaii.iafor.org/,2026-09-12,page_read,,,https://iicehawaii.iafor.org/wp-content/uploads/sites/29/2026/04/IICE2027-1500x525-1.jpg,https://iicehawaii.iafor.org/wp-content/uploads/sites/29/2026/06/IICE-IICAH2027-Logos.jpg
7th IAFOR International Conference on Arts & Humanities in Hawaii,https://iicahhawaii.iafor.org/,2026-09-12,page_read,,,https://iicahhawaii.iafor.org/wp-content/uploads/sites/57/2026/04/IICAH2027-1500x525-1.jpg,https://iicahhawaii.iafor.org/wp-content/uploads/sites/57/2026/06/IICE-IICAH2027-Logos.jpg
2026 12th International Conference on Mechanical and Electronics Engineering,https://www.icmee.org/,2026-09-12,page_read,,,https://www.icmee.org/Assets/images/logo.png,https://www.icmee.org/Assets/upload/banner1.jpg
2027 11th International Conference on Manufacturing Technologies,https://www.icmt.org/,2026-09-12,page_read,,,https://www.icmt.org/img/proceeding/gt-logo-gold_1.png,https://www.icmt.org/img/ICMT-banner_01.jpg
2027 19th International Conference on Computer Research and Development,https://www.iccrd.org/,2026-09-12,page_read,,,https://www.iccrd.org/image/logo.png,https://www.iccrd.org/image/history/ICCRD12.cover.jpg
2027 15th International Conference on Nano and Materials Science,https://www.icnms.org/,2026-09-12,page_read,,,https://www.icnms.org/img/proceeding/MEMS%20logo.jpg,https://www.icnms.org/img/ICNMS-banner_01.jpg
2027 16th International Conference on Software and Computer Applications,https://www.icsca.org/,2026-09-12,page_read,,,https://www.icsca.org/images/sch-banner/logo.png,https://www.icsca.org/images/banner.png
2027 13th International Conference on Computing and Data Engineering,https://iccde.org/,2026-09-12,page_read,,,https://iccde.org/images/logo.png,https://iccde.org/images/history/ICCDE%202022-Cover_2.jpg
2027 17th International Conference on Advanced Materials Research,https://www.icamr.org/,2026-09-12,page_read,,,https://www.icamr.org/assets/images/logo/ttp.png,https://www.icamr.org/assets/images/banner-1.jpg
2027 10th International Conference on Computers in Management and Business,https://www.iccmb.org/,2026-09-12,page_read,,,https://www.iccmb.org/images/logo.png,https://www.iccmb.org/images/main-slider/image-1.jpg
2027 19th International Conference on Machine Learning and Computing,https://www.icmlc.org/,2026-09-12,page_read,,,https://www.icmlc.org/images/banner/logo.png,https://www.icmlc.org/images/banner/banner3.jpg
2027 13th International Conference on Mechatronics and Robotics Engineering,https://www.icmre.org/,2026-09-12,page_read,,,https://www.icmre.org/images/logos/logo.png,https://www.icmre.org/images/banner/banner-img1.jpg
7th International Brain Stimulation Conference,https://www.elsevier.com/events/conferences/all/international-brain-stimulation-conference,2026-09-12,page_read,,,https://www.elsevier.com/images/elsevier-logo-orange.svg,https://media.ffycdn.net/eu/elsevier/d/34017c43de3b415783848d805d51ec24?w=1200&amp;q=75
2027 11th International Conference on Biomedical Engineering and Applications,https://www.icbea.org/,2026-09-12,page_read,,,https://www.icbea.org/images/logo.png,https://www.icbea.org/images/monitor.png
"2027 11th International Conference on Robotics, Control and Automation",https://www.icrca.org/,2026-09-12,page_read,,,https://www.icrca.org/static/logo/logo.png,https://www.icrca.org/history/2025/cover.jpg
"2027 18th International Conference on E-Education, E-Business, E-Management and E-Learning",https://www.ic4e.net/,2026-09-12,page_read,,,https://www.ic4e.net/images/logo.png,https://www.ic4e.net/images/publication/cover.jpg
2027 11th International Conference on Materials Engineering and Nano Sciences,https://icmens.org/,2026-09-12,page_read,,,https://icmens.org/static/picture/59fdd63fd70a64d65fe6bd885e4631c6.jpg,https://icmens.org/static/picture/his/ICMENS2025-Cover.jpg
26th International Conference on Wear of Materials and 6th Biotribology Conference,https://www.wearofmaterialsconference.com/,2026-09-12,page_read,,,,https://www.wearofmaterialsconference.com/resources/updateable/img/awards/Ken-Ludema-Award.jpg
World Government Summit 2027,https://www.worldgovernmentssummit.org/,2026-09-12,page_read,,,https://www.worldgovernmentssummit.org/assets/images/logo-blue.svg,https://www.worldgovernmentssummit.org/assets/images/default-image.png
ASU+GSV Summit 2027,https://www.asugsvsummit.com/,2026-09-12,page_read,,,https://cdn.prod.website-files.com/5de98c06bb83ab5540fc1c92/6a3ed82646e43cf26a6d8a5a_asu-gsv-logo.png,https://cdn.prod.website-files.com/5de98c06bb83ab5540fc1c92/68912ac02749c7cc160f9001_Quote%20Background.avif
World Cargo Symposium 2027,https://www.iata.org/en/events/all/world-cargo-symposium,2026-09-12,page_read,,,https://www.iata.org/contentassets/3e83770142a040d688e269bb2f709b7b/iata-logo-header.svg?height=127&amp;rmode=crop&amp;v=20260518075759,https://www.iata.org/contentassets/4e4d3b50f3614011aef57357e594801e/wcs-2027.jpg?width=2048&amp;height=465&amp;rmode=crop&amp;v=20260326143218
2027 11th International Conference on Civil Engineering,https://www.icoce.org/,2026-09-12,page_read,,,https://www.icoce.org/img/logo.png,https://www.icoce.org/img/slides/1.jpg
ACC.27 Together With WCC,https://accscientificsession.acc.org/Registration-and-Hotels,2026-09-12,page_read,,,,https://accscientificsession.acc.org/-/media/Non-Clinical/Images/About-ACC/Social-Media/WeChat-QR-code.jpg
2027 11th International Conference on Energy Economics and Energy Policy,https://www.iceeep.com/,2026-09-12,page_read,,,https://www.iceeep.com/style/images/logo.png,https://www.iceeep.com/style/images/banner.jpg
2027 9th International Conference on Computer Science and Technologies in Education,https://www.cste.net/,2026-09-12,page_read,,,https://www.cste.net/images/logo/CCNU.jpeg,https://www.cste.net/images/icons/submit.png
2027 8th International Conference on Education Development and Studies,https://www.iceds.org/,2026-09-12,page_read,,,https://www.iceds.org/img/Banner/logo.jpg,https://www.iceds.org/img/Banner/banner+logo(2)/%E6%96%B0%E5%BB%BA%E6%96%87%E4%BB%B6%E5%A4%B9/banner1.jpg
2027 7th International Conference on Big Data Engineering and Education,https://www.bdee.org/,2026-09-12,page_read,,,https://www.bdee.org/logo/Zhengzhou_University_of_Aeronautics.png,https://www.bdee.org/style/images/1.jpg
GeoGulf 2027,https://gcags.org/,2026-09-12,page_read,,,https://gcags.org/Images/GCAGS.header.logo.7.gif,https://gcags.org/Images/2025_GCAGS_Journal_v14_00_Covers_and_Spine_Page_1.gif
2027 12th International Conference on Advances on Clean Energy Research,https://www.icacer.com/,2026-09-12,page_read,,,https://www.icacer.com/style/images/logo.png,https://www.icacer.com/style/images/logo-springer-big.png
"2027 13th International Conference on Control, Automation and Robotics",https://www.iccar.org/,2026-09-12,page_read,,,https://www.iccar.org/img/logo-1.png,https://www.iccar.org/img/banner1.jpg
2027 13th International Conference on Renewable Energy Technologies,https://www.icret.org/,2026-09-12,page_read,,,https://www.icret.org/images/logos/OIT.png,https://www.icret.org/images/logos/ontariotechu-og-image.jpg
2027 10th International Conference on Electrical Engineering and Green Energy,https://www.ceege.org/,2026-09-12,page_read,,,https://www.ceege.org/style/images/logo.png,https://www.ceege.org/static/picture/faeture-icon2.png
2027 12th International Conference on Control and Robotics Engineering,https://www.iccre.org/,2026-09-12,page_read,,,https://www.iccre.org/static/picture/ICCRElogo-new.png,https://www.iccre.org/static/image/ICCRE-banner.jpg
"2027 7th International Conference on Computer, Control and Robotics",https://www.icccr.org/,2026-09-12,page_read,,,https://www.icccr.org/images/logo.png,https://www.icccr.org/images/history/2025/cover.jpg
2027 13th International Conference on Education and Training Technologies,https://www.icett.org/,2026-09-12,page_read,,,https://www.icett.org/img/logo.png,https://www.icett.org/img/slide/slide-1.jpg
2027 12th International Conference on Sustainable and Renewable Energy Engineering,https://www.icsree.com/,2026-09-12,page_read,,,https://www.icsree.com/images/logo.png,https://www.icsree.com/images/e3sconf_cover.jpg
Biosensors 2027: 37th Anniversary World Congress on Biosensors,https://www.elsevier.com/events/conferences/all/anniversary-world-congress-on-biosensors,2026-09-12,page_read,,,https://www.elsevier.com/images/elsevier-logo-orange.svg,https://media.ffycdn.net/eu/elsevier/d/34017c43de3b415783848d805d51ec24?w=1200&amp;q=75
37th Anniversary World Congress on Biosensors,https://www.elsevier.com/events/conferences/all/anniversary-world-congress-on-biosensors,2026-09-12,page_read,,,https://www.elsevier.com/images/elsevier-logo-orange.svg,https://media.ffycdn.net/eu/elsevier/d/34017c43de3b415783848d805d51ec24?w=1200&amp;q=75
2027 13th International Conference on Computer Technology Applications,https://www.iccta.net/,2026-09-12,page_read,,,https://www.iccta.net/img/logo2027.png,https://www.iccta.net/img/slider/banner.gif
"2027 13th International Conference on e-Society, e-Learning and e-Technologies",https://icslt.org/,2026-09-12,page_read,,,https://icslt.org/images/logo2.jpg,https://icslt.org/images/banner3.jpg
2027 8th International Conference on Computer Vision and Information Technology,https://www.cvit.org/,2026-09-12,page_read,,,https://www.cvit.org/static/picture/logo.png,https://www.cvit.org/img/slider/1.jpg
CVPR 2027,https://cvpr.thecvf.com/,2026-09-12,page_read,,,https://cvpr.thecvf.com/static/core/img/cvpr-navbar-logo.svg,
2027 15th Asia Conference on Mechanical and Materials Engineering,https://www.acmme.org/,2026-09-12,page_read,,,https://www.acmme.org/images/acmme2017logo.png,https://www.acmme.org/images/proceedings/cover/ACMME2015.jpg
2027 11th International Conference on Intelligent Computing and Virtual & Augmented Reality Simulations,https://www.icvars.org/,2026-09-12,page_read,,,https://www.icvars.org/images/logo.png,"https://www.icvars.org/images/Big%C2%A0Data,%C2%A0AI,%C2%A0IoT,%C2%A0Games,%C2%A0and%C2%A0Mixed%C2%A0Reality.png"
2027 5th Asia Conference on Advances in Image Processing,https://aaip.net/,2026-09-12,page_read,,,https://aaip.net/img/logo.png,https://aaip.net/img/sha.png
2027 9th International Conference on Computer Communication and the Internet,https://iccci.org/,2026-09-12,page_read,,,https://iccci.org/style/images/footer-logo.png,https://iccci.org/style/images/iccci_top.png
2027 11th International Conference on Education and Distance Learning,https://icedl.org/,2026-09-12,page_read,,,https://icedl.org/images/logo.png,https://icedl.org/images/ijiet_cover.jpg
2027 15th International Conference on Computer and Communications Management,https://www.icccm.org/,2026-09-12,page_read,,,https://www.icccm.org/style/images/ICCCM-logo.png,https://www.icccm.org/style/images/ICCCM2024-Banner.jpg
KDD 2027,https://kdd2027.kdd.org/,2026-09-12,page_read,,,,https://kdd2027.kdd.org/wp-content/uploads/2026/07/sc_mcenery_convention_center.webp
IFT FIRST 2027,https://www.ift.org/ift-first-event/,2026-09-12,page_read,,,"https://www.ift.org/cdn-cgi/image/width=1600,height=0/globalassets/global-media/ift-logos/ift-first-logo-color-trimed.svg?v=639077984410000000","https://www.ift.org/cdn-cgi/image/width=2200,height=0/siteassets/ift/0-ift-first-event/2026/1-attend/images/ift-first-2026-registration-hero.jpg?v=639080815870000000"
2027 10th International Conference on Machine Learning and Machine Intelligence,https://mlmi.net/,2026-09-12,page_read,,,https://mlmi.net/img/logo.png,https://mlmi.net/img/slides/1.jpg
2027 17th International Conference on Biomedical Engineering and Technology,https://icbet.org/,2026-09-12,page_read,,,https://icbet.org/images/logo/Meiji.png,https://icbet.org/images/banner1.jpg
"10th International Conference on Fracture of Polymers, Composites and Adhesives",https://www.elsevier.com/events/conferences/all/esistc4conference,2026-09-12,page_read,,,https://www.elsevier.com/images/elsevier-logo-orange.svg,https://media.ffycdn.net/eu/elsevier/d/073c3b76a2f64ead844c004294eb04a4?w=1200&amp;q=75
RSNA Annual Meeting 2027,https://www.rsna.org/annual-meeting/future-and-past-meetings,2026-09-12,page_read,,,https://www.rsna.org/-/media/images/rsna/menu/logo.svg?iar=0&amp;rev=221743ad6305477e999961ebbff8e994&amp;hash=7A1B9E759BFB33FFCE204D9681AB6F48,https://www.rsna.org/-/media/images/shared/svg-icons/x.svg?rev=fd35e5873e57446780cf80a9dbd95f38&amp;hash=F2371AC5CFCF3B10D9F27EC6529FAC28
2027 ASCO Annual Meeting,https://www.asco.org/annual-meeting/program/program-overview,2026-09-12,page_read,,,https://cdn.bfldr.com/KOIHB2Q3/at/gpvgjsmsm8x4h97v8z343mpj/2027-ASCO-Annual-Meeting-Logo.png?auto=webp,https://www.asco.org/assets/images/asco-logo-header-desktop-580.png
5th Food Chemistry Conference,https://www.elsevier.com/events/conferences/all/food-chemistry-conference,2026-09-12,page_read,,,https://www.elsevier.com/images/elsevier-logo-orange.svg,https://media.ffycdn.net/eu/elsevier/d/9c671dea625544deb57f952b3a9be538?mod=v1/resize=3840/output=webp/quality=75
Asia-Oceania Conference on Neutron Scattering 2027,https://www.aonsa.org/aonsa-activities/aocns/,2026-09-12,page_read,,,https://www.aonsa.org/wp-content/uploads/cropped-cropped-aonsa-1-2-1.jpg,https://www.aonsa.org/wp-content/uploads/AOCNS2023_groupphoto_large.jpg
2027 IAA Conference / IAA MOBILITY,https://www.iaa-mobility.com/en/visitors/iaa-formats-2027/iaa-conference,2026-09-12,page_read,,,https://www.iaa-mobility.com/api/image?originalSource=%2Fdam%2Fjcr%3A5ea16f0a-6bad-4246-8d85-3f1f4fea9918%2FIAA_MOBILITY_2025_Logo_OhneJahreszahl_Black_new.svg,https://www.iaa-mobility.com/api/image/3c864f592ba7e9ef5ac58c79273c2cabc85bd556?originalSource=%2F.imaging%2Ffocalpoint%2F4x5%2F3200x%2Fdam%2Fjcr%3A5fce5d8e-c087-4884-8ba7-d64ea2c18819%2Fiaa-visionary-club-general-cover-square.jpg
