id,title,acronym,series,edition,year,startDate,endDate,datePrecision,city,region,country,countryCode,worldRegion,venue,format,organization,category,topics,keywords,sourceUrl,sourceType,officialUrl,corroboratingSourceUrls,description
gastech-2026-bangkok,Gastech 2026,,Gastech,,2026,2026-09-14,2026-09-17,day,Bangkok,,Thailand,TH,Asia,,in-person,,Petroleum & Energy,gastech,Bangkok; Thailand; Asia; 2026; Petroleum & Energy,https://www.rogtecmagazine.com/events-calendar/,official_site,https://www.rogtecmagazine.com/events-calendar/,,"Gastech 2026, Bangkok, Thailand, September 14-17, 2026"
world-petroleum-congress-2026-riyadh,World Petroleum Congress 2026,,World Petroleum Congress,,2026,2026-10-11,2026-10-15,day,Riyadh,,Saudi Arabia,SA,Middle East,,in-person,World Petroleum Council,Petroleum & Energy,petroleum,World Petroleum Council; Riyadh; Saudi Arabia; Middle East; 2026; Petroleum & Energy,http://worldpetroleumcongress.in/,official_site,http://worldpetroleumcongress.in/,,"World Petroleum Congress 2026, Riyadh, Saudi Arabia, October 11-15, 2026"
spe-asia-pacific-oil-gas-conference-and-exhibition-2026-brisbane,SPE Asia Pacific Oil & Gas Conference and Exhibition 2026,,SPE Asia Pacific Oil & Gas Conference and Exhibition,,2026,2026-10-13,2026-10-15,day,Brisbane,,Australia,AU,Oceania,,in-person,SPE,Petroleum & Energy,oil & gas; spe; asia; pacific,SPE; Brisbane; Australia; Oceania; 2026; Petroleum & Energy,https://www.spe-events.org/apogce2026,official_site,https://www.spe-events.org/apogce2026,,"SPE Asia Pacific Oil & Gas Conference and Exhibition 2026, Brisbane, Australia, October 13-15, 2026"
iecon-2026-doha,"IECON 2026, 52nd Annual Conference of the IEEE Industrial Electronics Society",IECON,"IECON , 52nd Annual Conference of the IEEE Industrial Electronics Society",52nd,2026,2026-10-18,2026-10-21,day,Doha,,Qatar,QA,Middle East,,in-person,IEEE,Technology & Consumer Electronics,electronics; industrial electronics; iecon; 52nd; ieee; industrial; society,IECON; IEEE; Doha; Qatar; Middle East; 2026; Technology & Consumer Electronics,https://www.iecon2026.org/,official_site,https://www.iecon2026.org/,,"IECON 2026, 52nd Annual Conference of the IEEE Industrial Electronics Society, Doha, Qatar, October 18-21, 2026"
spe-atce-annual-technical-conference-and-exhibition-2026-houston,SPE ATCE 2026 Annual Technical Conference and Exhibition,,SPE ATCE Annual Technical Conference and Exhibition,,2026,2026-10-21,2026-10-23,day,Houston,Texas,United States,US,North America,George R. Brown Convention Center,in-person,SPE,Petroleum & Energy,spe; atce; technical,SPE; Houston; Texas; United States; North America; 2026; Petroleum & Energy,https://www.atce.org/,official_site,https://www.atce.org/,,"SPE ATCE 2026 Annual Technical Conference and Exhibition, George R. Brown Convention Center, Houston, Texas, USA, October 21-23, 2026"
adipec-abu-dhabi-international-petroleum-exhibition-and-conference-202,ADIPEC 2026 Abu Dhabi International Petroleum Exhibition and Conference,,ADIPEC Abu Dhabi International Petroleum Exhibition and Conference,,2026,2026-11-02,2026-11-05,day,Abu Dhabi,,United Arab Emirates,AE,Middle East,,in-person,,Petroleum & Energy,petroleum; adipec; dhabi,Abu Dhabi; United Arab Emirates; Middle East; 2026; Petroleum & Energy,https://www.adipec.com/,official_site,https://www.adipec.com/,,"ADIPEC 2026 Abu Dhabi International Petroleum Exhibition and Conference, Abu Dhabi, United Arab Emirates, November 2-5, 2026"
aiche-annual-meeting-2026-minneapolis,2026 AIChE Annual Meeting,,AIChE Annual Meeting,,2026,2026-11-08,2026-11-12,day,Minneapolis,MN,United States,US,North America,Minneapolis Convention Center,in-person,AIChE,Chemistry & Materials,aiche,AIChE; Minneapolis; MN; United States; North America; 2026; Chemistry & Materials,https://www.aiche.org/conferences/aiche-annual-meeting/2026,official_site,https://www.aiche.org/conferences/aiche-annual-meeting/2026,,"2026 AIChE Annual Meeting, Minneapolis Convention Center, Minneapolis, MN, USA, November 8-12, 2026"
agu-fall-meeting-agu26-annual-meeting-2026-san-francisco,AGU Fall Meeting 2026 (AGU26 Annual Meeting),,AGU Fall Meeting (AGU26 Annual Meeting),,2026,2026-12-07,2026-12-11,day,San Francisco,California,United States,US,North America,,in-person,AGU,Geosciences & Earth Systems,agu; fall; agu26,AGU; San Francisco; California; United States; North America; 2026; Geosciences & Earth Systems,https://www.agu.org/annual-meeting,official_site,https://www.agu.org/annual-meeting,,"AGU Fall Meeting 2026 (AGU26 Annual Meeting), San Francisco, California, USA, 7-11 December 2026"
icee-2026-bengaluru,"ICEE 2026, 8th International Conference on Emerging Electronics",ICEE,"ICEE , 8th International Conference on Emerging Electronics",8th,2026,2026-12-19,2026-12-22,day,Bengaluru,,India,IN,Asia,,in-person,IEEE,Technology & Consumer Electronics,electronics; emerging electronics; icee; emerging,ICEE; IEEE; Bengaluru; India; Asia; 2026; Technology & Consumer Electronics,https://ieee-icee.org/index.php,official_site,https://ieee-icee.org/index.php,,"ICEE 2026, 8th International Conference on Emerging Electronics, Bengaluru, India, December 19-22, 2026"
iccmme-2027-sapporo,ICCMME 2027 International Conference on Composite Materials and Material Engineering,ICCMME,ICCMME International Conference on Composite Materials and Material Engineering,,2027,2027-01-08,2027-01-10,day,Sapporo,,Japan,JP,Asia,,in-person,,Chemistry & Materials,composite materials; material engineering; iccmme; composite; materials; material; engineering,ICCMME; Sapporo; Japan; Asia; 2027; Chemistry & Materials,https://www.iccmme.com/,official_site,https://www.iccmme.com/,,"ICCMME 2027 International Conference on Composite Materials and Material Engineering, Sapporo, Japan, January 8-10, 2027"
ieee-gscon-2027-surat,IEEE GSCon 2027,,IEEE GSCon,,2027,2027-01-09,2027-01-11,day,Surat,Gujarat,India,IN,Asia,SVNIT,in-person,IEEE,,ieee; gscon,IEEE; Surat; Gujarat; India; Asia; 2027,https://www.ieeegscon.org/,official_site,https://www.ieeegscon.org/,,"IEEE GSCon 2027, SVNIT, Surat, Gujarat, India, January 9-11, 2027"
acm-group-international-conference-on-supporting-group-work-2027-st-si,ACM GROUP 2027 International Conference on Supporting Group Work,,ACM GROUP International Conference on Supporting Group Work,,2027,2027-01-10,2027-01-13,day,St Simons Island,Georgia,United States,US,North America,,in-person,ACM,,group; supporting; work,ACM; St Simons Island; Georgia; United States; North America; 2027,https://group.acm.org/conferences/group27/,official_site,https://group.acm.org/conferences/group27/,,"ACM GROUP 2027 International Conference on Supporting Group Work, St Simons Island, Georgia, USA, January 10-13, 2027"
ieee-eesat-energy-storage-and-application-technologies-conference-2027,IEEE EESAT 2027 Energy Storage and Application Technologies Conference,,IEEE EESAT Energy Storage and Application Technologies Conference,,2027,2027-01-11,2027-01-12,day,St. Pete Beach,Florida,United States,US,North America,Sirata Beach Resort,in-person,IEEE,Energy & Geosciences,energy storage; ieee; eesat; energy; storage; application; technologies,IEEE; St. Pete Beach; Florida; United States; North America; 2027; Energy & Geosciences,https://cmte.ieee.org/pes-eesat/,official_site,https://cmte.ieee.org/pes-eesat/,,"IEEE EESAT 2027 Energy Storage and Application Technologies Conference, Sirata Beach Resort, St. Pete Beach, Florida, USA, January 11-12, 2027"
icgg-2027-london,ICGG 2027 International Conference on Geography and Geosciences,ICGG,ICGG International Conference on Geography and Geosciences,,2027,2027-01-21,2027-01-22,day,London,,United Kingdom,GB,Europe,,in-person,,Geosciences & Earth Systems,geography; geosciences; icgg,ICGG; London; United Kingdom; Europe; 2027; Geosciences & Earth Systems,https://conferenceindex.org/event/international-conference-on-geography-and-geosciences-icgg-2027-january-london-gb,directory_listing,,,"ICGG 2027 International Conference on Geography and Geosciences, London, United Kingdom, January 21-22, 2027"
ichss-2027-osaka,"ICHSS 2027, 13th International Conference on Humanity and Social Sciences",ICHSS,"ICHSS , 13th International Conference on Humanity and Social Sciences",13th,2027,2027-01-22,2027-01-24,day,Osaka,,Japan,JP,Asia,,in-person,,Social Sciences,social sciences; humanity; ichss; 13th; social; sciences,ICHSS; Osaka; Japan; Asia; 2027; Social Sciences,https://www.ichss.org/,official_site,https://www.ichss.org/,,"ICHSS 2027, 13th International Conference on Humanity and Social Sciences, Osaka, Japan, January 22-24, 2027"
arab-health-whx-dubai-2027-dubai,Arab Health 2027 (WHX Dubai),,Arab Health (WHX Dubai),,2027,2027-01-25,2027-01-28,day,Dubai,,United Arab Emirates,AE,Middle East,Dubai World Trade Centre,in-person,,Healthcare & Health IT,health; arab health; arab; dubai,Dubai; United Arab Emirates; Middle East; 2027; Healthcare & Health IT,https://en.wikipedia.org/wiki/Arab_Health,reference,,,"Arab Health 2027 (WHX Dubai), Dubai World Trade Centre, Dubai, United Arab Emirates, January 25-28, 2027"
idex-2027-abu-dhabi,IDEX 2027 International Defence Exhibition and Conference,IDEX,IDEX International Defence Exhibition and Conference,,2027,2027-01-25,2027-01-29,day,Abu Dhabi,,United Arab Emirates,AE,Middle East,ADNEC Centre Abu Dhabi,in-person,,Aerospace & Aviation,defence; idex,IDEX; Abu Dhabi; United Arab Emirates; Middle East; 2027; Aerospace & Aviation,https://www.idexuae.ae/en,official_site,https://www.idexuae.ae/en,,"IDEX 2027 International Defence Exhibition and Conference, ADNEC Centre Abu Dhabi, Abu Dhabi, United Arab Emirates, January 25-29, 2027"
future-power-grids-conference-2027-berlin,Future Power Grids Conference 2027,,Future Power Grids Conference,,2027,2027-01-26,2027-01-27,day,Berlin,,Germany,DE,Europe,Hotel NH Collection Berlin Mitte Friedrichstrasse,in-person,,Energy & Geosciences,power grids; future; power; grids,Berlin; Germany; Europe; 2027; Energy & Geosciences,https://10times.com/zukunftige-stromnetze,directory_listing,,,"Future Power Grids Conference 2027, Hotel NH Collection Berlin Mitte Friedrichstrasse, Berlin, Germany, January 26-27, 2027"
aerospace-7th-international-conference-on-aerospace-defense-and-mechan,"Aerospace-2027, 7th International Conference on Aerospace, Defense and Mechanical Engineering",,"Aerospace-, 7th International Conference on Aerospace, Defense and Mechanical Engineering",,2027,2027-01-28,2027-01-29,day,Paris,,France,FR,Europe,,in-person,,Aerospace & Aviation,aerospace; defense; mechanical engineering; aerospace-2027; mechanical; engineering,Paris; France; Europe; 2027; Aerospace & Aviation,https://aerospace.enggconferences.com/events-list/additive-manufacturing-and-advanced-aerospace-manufacturing,official_site,https://aerospace.enggconferences.com/events-list/additive-manufacturing-and-advanced-aerospace-manufacturing,,"Aerospace-2027, 7th International Conference on Aerospace, Defense and Mechanical Engineering, Paris, France, January 28-29, 2027"
naicu-2027-washington,NAICU Annual Meeting & Advocacy Day 2027,NAICU,NAICU Annual Meeting & Advocacy Day,,2027,2027-01-31,2027-02-03,day,Washington,DC,United States,US,North America,Grand Hyatt,in-person,NAICU,,naicu; advocacy,NAICU; Washington; DC; United States; North America; 2027,https://www.educationdynamics.com/higher-education-conferences-to-put-on-your-radar/,official_site,https://www.educationdynamics.com/higher-education-conferences-to-put-on-your-radar/,,"NAICU Annual Meeting & Advocacy Day 2027, Grand Hyatt, Washington, DC, USA, January 31 - February 3, 2027"
web-summit-qatar-2027-doha,Web Summit Qatar 2027,,Web Summit Qatar,,2027,2027-01-31,2027-02-03,day,Doha,,Qatar,QA,Middle East,Doha Exhibition and Convention Center,in-person,,,qatar,Doha; Qatar; Middle East; 2027,https://qatar.websummit.com/,official_site,https://qatar.websummit.com/,,"Web Summit Qatar 2027, Doha Exhibition and Convention Center, Doha, Qatar, January 31 - February 3, 2027"
spie-quantum-west-2027-san-francisco,SPIE Quantum West 2027,,SPIE Quantum West,,2027,2027-02-02,2027-02-04,day,San Francisco,California,United States,US,North America,,in-person,SPIE,Physics & Astronomy,quantum; spie; west,SPIE; San Francisco; California; United States; North America; 2027; Physics & Astronomy,https://spie.org/conferences-and-exhibitions/photonics-west/program/conferences/quantum-west,official_site,https://spie.org/conferences-and-exhibitions/photonics-west/program/conferences/quantum-west,,"SPIE Quantum West 2027, San Francisco, California, USA, February 2-4, 2027"
mba-commercial-multifamily-finance-convention-and-expo-2027-san-diego,MBA Commercial/Multifamily Finance Convention and Expo 2027,,MBA Commercial/Multifamily Finance Convention and Expo,,2027,2027-02-07,2027-02-10,day,San Diego,California,United States,US,North America,,in-person,Mortgage Bankers Association,Business & Finance,finance; commercial; multifamily,Mortgage Bankers Association; San Diego; California; United States; North America; 2027; Business & Finance,https://www.mba.org/conferences-and-education/event/2027/02/07/default-calendar/commercial-multifamily-finance-convention-and-expo-81876,official_site,https://www.mba.org/conferences-and-education/event/2027/02/07/default-calendar/commercial-multifamily-finance-convention-and-expo-81876,,"MBA Commercial/Multifamily Finance Convention and Expo 2027, San Diego, California, USA, February 7-10, 2027"
acm-iui-2027-helsinki,ACM IUI 2027,,ACM IUI,,2027,2027-02-08,2027-02-11,day,Helsinki,,Finland,FI,Europe,Helsinki Congress Paasitorni,in-person,ACM,,,ACM; Helsinki; Finland; Europe; 2027,https://iui.acm.org/2027/,official_site,https://iui.acm.org/2027/,,"ACM IUI 2027, Helsinki Congress Paasitorni, Helsinki, Finland, February 8-11, 2027"
africa-tech-summit-nairobi-2027-nairobi,Africa Tech Summit Nairobi 2027,,Africa Tech Summit Nairobi,,2027,2027-02-10,2027-02-11,day,Nairobi,,Kenya,KE,Africa,Sarit Expo Centre,in-person,,,africa; tech; nairobi,Nairobi; Kenya; Africa; 2027,https://www.africalistings.com/events/africa-tech-summit-nairobi-2027-at-sarit-expo-centre,official_site,https://www.africalistings.com/events/africa-tech-summit-nairobi-2027-at-sarit-expo-centre,,"Africa Tech Summit Nairobi 2027, Sarit Expo Centre, Nairobi, Kenya, February 10-11, 2027"
cce-2027-houston,"CCE 2027, 11th International Conference on Catalysis and Chemical Engineering",CCE,"CCE , 11th International Conference on Catalysis and Chemical Engineering",11th,2027,2027-02-17,2027-02-19,day,Houston,Texas,United States,US,North America,,in-person,,Chemistry & Materials,chemical engineering; catalysis; 11th; chemical; engineering,CCE; Houston; Texas; United States; North America; 2027; Chemistry & Materials,https://catalysis.unitedscientificgroup.org/,official_site,https://catalysis.unitedscientificgroup.org/,,"CCE 2027, 11th International Conference on Catalysis and Chemical Engineering, Houston, Texas, USA, February 17-19, 2027"
pharma-r-d-9th-international-conference-on-pharmscience-research-and-d,"Pharma R&D 2027, 9th International Conference on PharmScience Research and Development",,"Pharma R&D , 9th International Conference on PharmScience Research and Development",,2027,2027-02-17,2027-02-19,day,Houston,Texas,United States,US,North America,,in-person,United Scientific Group,,pharma; pharmscience; research; development,United Scientific Group; Houston; Texas; United States; North America; 2027,https://kindcongress.com/event/pharma-rd-2027/,official_site,https://kindcongress.com/event/pharma-rd-2027/,,"Pharma R&D 2027, 9th International Conference on PharmScience Research and Development, Houston, Texas, USA, February 17-19, 2027"
icmlc-2027-new-york,ICMLC 2027 International Conference on Machine Learning and Cybernetics,ICMLC,ICMLC International Conference on Machine Learning and Cybernetics,,2027,2027-02-18,2027-02-19,day,New York,,United States,US,North America,,in-person,,Artificial Intelligence & Machine Learning,machine learning; learning; icmlc; machine; cybernetics,ICMLC; New York; United States; North America; 2027; Artificial Intelligence & Machine Learning,https://conferenceindex.org/event/international-conference-on-machine-learning-and-cybernetics-icmlc-2027-february-new-york-us,directory_listing,,,"ICMLC 2027 International Conference on Machine Learning and Cybernetics, New York, United States, February 18-19, 2027"
icmbf-2027-barcelona,"ICMBF 2027, 11th International Conference on Advanced Research in Management, Business and Finance",ICMBF,"ICMBF , 11th International Conference on Advanced Research in Management, Business and Finance",11th,2027,2027-02-19,2027-02-21,day,Barcelona,,Spain,ES,Europe,,in-person,,Business & Finance,business; management; finance; icmbf; 11th; advanced; research,ICMBF; Barcelona; Spain; Europe; 2027; Business & Finance,https://www.icmbf.org/,official_site,https://www.icmbf.org/,,"ICMBF 2027, 11th International Conference on Advanced Research in Management, Business and Finance, Barcelona, Spain, February 19-21, 2027"
nexus-summit-and-expo-2027-las-vegas,Nexus Summit and Expo 2027,,Nexus Summit and Expo,,2027,2027-02-23,2027-02-25,day,Las Vegas,Nevada,United States,US,North America,,in-person,,,nexus,Las Vegas; Nevada; United States; North America; 2027,https://quantumcomputingreport.com/conferences/,official_site,https://quantumcomputingreport.com/conferences/,,"Nexus Summit and Expo 2027, Las Vegas, Nevada, USA, February 23-25, 2027"
updates-in-neuro-oncology-2027-jacksonville,Updates in Neuro-Oncology 2027,,Updates in Neuro-Oncology,,2027,2027-02-26,2027-02-28,day,Jacksonville,Florida,United States,US,North America,Mayo Clinic Kinne Auditorium,in-person,Mayo Clinic,Medicine & Oncology,oncology; neuro-oncology; updates,Mayo Clinic; Jacksonville; Florida; United States; North America; 2027; Medicine & Oncology,https://ce.mayo.edu/neurology-and-neurologic-surgery/content/updates-neuro-oncology-2027,official_site,https://ce.mayo.edu/neurology-and-neurologic-surgery/content/updates-neuro-oncology-2027,,"Updates in Neuro-Oncology 2027, Mayo Clinic Kinne Auditorium, Jacksonville, Florida, USA, February 26-28, 2027"
ieee-vr-2027-melbourne,IEEE VR 2027,,IEEE VR,,2027,2027-02-27,2027-03-03,day,Melbourne,,Australia,AU,Oceania,,in-person,IEEE,,ieee,IEEE; Melbourne; Australia; Oceania; 2027,https://ieeevr.org/2027/,official_site,https://ieeevr.org/2027/,,"IEEE VR 2027, Melbourne, Australia, February 27 - March 3, 2027"
sme-minexchange-annual-conference-and-expo-2027-denver,SME MINEXCHANGE 2027 Annual Conference and Expo,,SME MINEXCHANGE Annual Conference and Expo,,2027,2027-02-28,2027-03-03,day,Denver,Colorado,United States,US,North America,Colorado Convention Center,in-person,"Society for Mining, Metallurgy and Exploration",Mining & Metallurgy,mining; metallurgy; minexchange,"Society for Mining, Metallurgy and Exploration; Denver; Colorado; United States; North America; 2027; Mining & Metallurgy",https://smeannualconference.org/,official_site,https://smeannualconference.org/,,"SME MINEXCHANGE 2027 Annual Conference and Expo, Colorado Convention Center, Denver, Colorado, USA, February 28 - March 3, 2027"
agbt-2027-orlando,AGBT 2027 General Meeting,AGBT,AGBT General Meeting,,2027,2027-03-01,2027-03-04,day,Orlando,Florida,United States,US,North America,Hilton Orlando Bonnet Creek,in-person,Advances in Genome Biology and Technology,,agbt; general,AGBT; Advances in Genome Biology and Technology; Orlando; Florida; United States; North America; 2027,https://www.agbt.org/home/home/general-meeting/,official_site,https://www.agbt.org/home/home/general-meeting/,,"AGBT 2027 General Meeting, Hilton Orlando Bonnet Creek, Orlando, Florida, USA, March 1-4, 2027"
asce-2027-philadelphia,ASCE 2027 Convention,ASCE,ASCE Convention,,2027,2027-03-01,2027-03-05,day,Philadelphia,Pennsylvania,United States,US,North America,,in-person,ASCE,Engineering,asce,ASCE; Philadelphia; Pennsylvania; United States; North America; 2027; Engineering,https://experience.asce.org/,official_site,https://experience.asce.org/,,"ASCE 2027 Convention, Philadelphia, Pennsylvania, USA, March 1-5, 2027"
the-aerospace-event-2027-beverly-hills,The Aerospace Event 2027,,The Aerospace Event,,2027,2027-03-01,2027-03-02,day,Beverly Hills,California,United States,US,North America,Waldorf Astoria,in-person,,Aerospace & Aviation,aerospace; event,Beverly Hills; California; United States; North America; 2027; Aerospace & Aviation,https://www.theaerospaceevent.com/the-aerospace-event-beverly-hills,official_site,https://www.theaerospaceevent.com/the-aerospace-event-beverly-hills,,"The Aerospace Event 2027, Waldorf Astoria, Beverly Hills, California, USA, March 1-2, 2027"
annual-structural-engineering-conference-2027-lawrence,72nd Annual Structural Engineering Conference,,Annual Structural Engineering Conference,72nd,2027,2027-03-04,2027-03-04,day,Lawrence,Kansas,United States,US,North America,University of Kansas,in-person,University of Kansas,Engineering,structural engineering; 72nd; structural; engineering,University of Kansas; Lawrence; Kansas; United States; North America; 2027; Engineering,https://ceae.ku.edu/ceae-conferences/structural-engineering-conference,official_site,https://ceae.ku.edu/ceae-conferences/structural-engineering-conference,,"72nd Annual Structural Engineering Conference, University of Kansas, Lawrence, Kansas, USA, March 4, 2027"
hsconf-2027-vienna,"HSCONF 2027, 14th International Conference on New Findings in Humanities and Social Sciences",HSCONF,"HSCONF , 14th International Conference on New Findings in Humanities and Social Sciences",14th,2027,2027-03-05,2027-03-07,day,Vienna,,Austria,AT,Europe,,in-person,,Social Sciences,social sciences; humanities; hsconf; 14th; findings; social; sciences,HSCONF; Vienna; Austria; Europe; 2027; Social Sciences,https://www.hsconf.org/,official_site,https://www.hsconf.org/,,"HSCONF 2027, 14th International Conference on New Findings in Humanities and Social Sciences, Vienna, Austria, March 5-7, 2027"
icrpconf-2027-vienna,"ICRPCONF 2027, 8th International Conference on Research in Psychology",ICRPCONF,"ICRPCONF , 8th International Conference on Research in Psychology",8th,2027,2027-03-05,2027-03-07,day,Vienna,,Austria,AT,Europe,,in-person,,Social Sciences,psychology; icrpconf; research,ICRPCONF; Vienna; Austria; Europe; 2027; Social Sciences,https://www.icrpconf.org/,official_site,https://www.icrpconf.org/,,"ICRPCONF 2027, 8th International Conference on Research in Psychology, Vienna, Austria, March 5-7, 2027"
pdac-2027-toronto,PDAC 2027 International Convention,PDAC,PDAC International Convention,,2027,2027-03-07,2027-03-10,day,Toronto,Ontario,Canada,CA,North America,,in-person,PDAC,Mining & Metallurgy,pdac,PDAC; Toronto; Ontario; Canada; North America; 2027; Mining & Metallurgy,https://www.smenet.org/events,official_site,https://www.smenet.org/events,,"PDAC 2027 International Convention, Toronto, Ontario, Canada, March 7-10, 2027"
agsaiml-2027-barcelona,AGSAIML 2027 Annual Global Summit on Artificial Intelligence and Machine Learning,AGSAIML,AGSAIML Annual Global Summit on Artificial Intelligence and Machine Learning,,2027,2027-03-08,2027-03-10,day,Barcelona,,Spain,ES,Europe,,in-person,,Artificial Intelligence & Machine Learning,artificial intelligence; machine learning; learning; agsaiml; artificial; intelligence; machine,AGSAIML; Barcelona; Spain; Europe; 2027; Artificial Intelligence & Machine Learning,https://conferenceindex.org/event/annual-global-summit-on-artificial-intelligence-and-machine-learning-agsaiml-2027-march-barcelona-es,directory_listing,,,"AGSAIML 2027 Annual Global Summit on Artificial Intelligence and Machine Learning, Barcelona, Spain, March 08-10, 2027"
gartner-security-risk-management-summit-india-2027-mumbai,Gartner Security & Risk Management Summit 2027 India,,Gartner Security & Risk Management Summit India,,2027,2027-03-08,2027-03-09,day,Mumbai,,India,IN,Asia,,in-person,Gartner,Business & Finance,management; risk management; gartner; security; risk; india,Gartner; Mumbai; India; Asia; 2027; Business & Finance,https://www.gartner.com/en/conferences/hub/cybersecurity-conferences,official_site,https://www.gartner.com/en/conferences/hub/cybersecurity-conferences,,"Gartner Security & Risk Management Summit 2027 India, Mumbai, India, March 8-9, 2027"
icmmse-2027-bangkok,"ICMMSE 2027 International Conference on Metallurgy, Materials Science and Engineering",ICMMSE,"ICMMSE International Conference on Metallurgy, Materials Science and Engineering",,2027,2027-03-08,2027-03-09,day,Bangkok,,Thailand,TH,Asia,,in-person,,Mining & Metallurgy,metallurgy; materials science; icmmse; materials; science; engineering,ICMMSE; Bangkok; Thailand; Asia; 2027; Mining & Metallurgy,https://conferenceindex.org/event/international-conference-on-metallurgy-materials-science-and-engineering-icmmse-2027-march-bangkok-th,directory_listing,,,"ICMMSE 2027 International Conference on Metallurgy, Materials Science and Engineering, Bangkok, Thailand, March 08-09, 2027"
iadc-spe-2027-stavanger,IADC/SPE International Drilling Conference and Exhibition 2027,IADC/SPE,IADC/SPE International Drilling Conference and Exhibition,,2027,2027-03-09,2027-03-11,day,Stavanger,,Norway,NO,Europe,,in-person,SPE,Petroleum & Energy,drilling; spe; iadc,IADC/SPE; SPE; Stavanger; Norway; Europe; 2027; Petroleum & Energy,https://www.drillingconference.org/,official_site,https://www.drillingconference.org/,,"IADC/SPE International Drilling Conference and Exhibition 2027, Stavanger, Norway, 9-11 March 2027"
hec-2027-honolulu,HEC 2027,,HEC,,2027,2027-03-10,2027-03-12,day,Honolulu,Hawaii,United States,US,North America,4th Honolulu Education Conference,in-person,,,,Honolulu; Hawaii; United States; North America; 2027,https://intesda.org/education-conference/,official_site,https://intesda.org/education-conference/,,"HEC 2027, 4th Honolulu Education Conference, Honolulu, Hawaii, USA, March 10-12, 2027"
pbexpo-aviation-aerospace-and-defense-trade-show-2027-miami-beach,"PBExpo 2027 Aviation, Aerospace and Defense Trade Show",,"PBExpo Aviation, Aerospace and Defense Trade Show",,2027,2027-03-10,2027-03-11,day,Miami Beach,Florida,United States,US,North America,,in-person,,Aerospace & Aviation,aerospace; aviation; defense; pbexpo; trade; show,Miami Beach; Florida; United States; North America; 2027; Aerospace & Aviation,https://www.pbexpo.org/,official_site,https://www.pbexpo.org/,,"PBExpo 2027 Aviation, Aerospace and Defense Trade Show, Miami Beach, Florida, USA, March 10-11, 2027"
icbmeconf-2027-oxford,"ICBMECONF 2027, 13th International Conference on Business, Management and Economics",ICBMECONF,"ICBMECONF , 13th International Conference on Business, Management and Economics",13th,2027,2027-03-12,2027-03-14,day,Oxford,,United Kingdom,GB,Europe,,in-person,,Business & Finance,business; management; economics; icbmeconf; 13th,ICBMECONF; Oxford; United Kingdom; Europe; 2027; Business & Finance,https://www.icbmeconf.org/,official_site,https://www.icbmeconf.org/,,"ICBMECONF 2027, 13th International Conference on Business, Management and Economics, Oxford, United Kingdom, March 12-14, 2027"
international-finance-conference-2027-oxford,International Finance Conference 2027,,International Finance Conference,,2027,2027-03-12,2027-03-14,day,Oxford,,United Kingdom,GB,Europe,,in-person,,Business & Finance,finance,Oxford; United Kingdom; Europe; 2027; Business & Finance,https://www.icbmeconf.org/finance/,official_site,https://www.icbmeconf.org/finance/,,"International Finance Conference 2027, Oxford, United Kingdom, March 12-14, 2027"
tms-2027-orlando,"TMS 2027, 156th Annual Meeting and Exhibition",TMS,"TMS , 156th Annual Meeting and Exhibition",156th,2027,2027-03-14,2027-03-18,day,Orlando,Florida,United States,US,North America,,in-person,TMS,,156th,TMS; Orlando; Florida; United States; North America; 2027,https://www.smenet.org/events,official_site,https://www.smenet.org/events,,"TMS 2027, 156th Annual Meeting and Exhibition, Orlando, Florida, USA, March 14-18, 2027"
dental-conference-2027-singapore,Dental Conference 2027,,Dental Conference,,2027,2027-03-15,2027-03-17,day,Singapore,,Singapore,SG,Asia,,in-person,,,dental,Singapore; Asia; 2027,https://magnusconferences.com/dental/,official_site,https://magnusconferences.com/dental/,,"Dental Conference 2027, Singapore, Singapore, March 15-17, 2027"
gartner-security-risk-management-summit-sydney-2027-sydney,Gartner Security & Risk Management Summit 2027 Sydney,,Gartner Security & Risk Management Summit Sydney,,2027,2027-03-15,2027-03-16,day,Sydney,,Australia,AU,Oceania,,in-person,Gartner,Business & Finance,management; risk management; gartner; security; risk; sydney,Gartner; Sydney; Australia; Oceania; 2027; Business & Finance,https://www.gartner.com/en/conferences/hub/cybersecurity-conferences,official_site,https://www.gartner.com/en/conferences/hub/cybersecurity-conferences,,"Gartner Security & Risk Management Summit 2027 Sydney, Sydney, Australia, March 15-16, 2027"
iphc-2027-singapore,IPHC 2027 International Public Health Conference,IPHC,IPHC International Public Health Conference,,2027,2027-03-15,2027-03-17,day,Singapore,,Singapore,SG,Asia,Village Hotel Changi,hybrid,,Healthcare & Health IT,public health; health; iphc; public,IPHC; Singapore; Asia; 2027; Healthcare & Health IT,https://public-health.magnusconferences.com/,official_site,https://public-health.magnusconferences.com/,,"IPHC 2027 International Public Health Conference, Village Hotel Changi, Singapore, Singapore, March 15-17, 2027, hybrid event"
site-society-for-information-technology-and-teacher-education-internat,SITE 2027 Society for Information Technology and Teacher Education International Conference,,SITE Society for Information Technology and Teacher Education International Conference,,2027,2027-03-15,2027-03-19,day,Nashville,Tennessee,United States,US,North America,,in-person,AACE,Education & EdTech,education; teacher education; information technology; site; society; information; technology; teacher,AACE; Nashville; Tennessee; United States; North America; 2027; Education & EdTech,https://site.aace.org/conf/,official_site,https://site.aace.org/conf/,,"SITE 2027 Society for Information Technology and Teacher Education International Conference, Nashville, Tennessee, USA, March 15-19, 2027"
gitex-ai-latam-2027-sao-paulo,GITEX AI LATAM 2027,,GITEX AI LATAM,,2027,2027-03-16,2027-03-17,day,Sao Paulo,,Brazil,BR,South America,Anhembi Convention Center,in-person,DWTC and Informa,,gitex; latam,DWTC and Informa; Sao Paulo; Brazil; South America; 2027,https://en.wikipedia.org/wiki/GITEX_AI_LATAM,reference,,,"GITEX AI LATAM 2027, Anhembi Convention Center, Sao Paulo, Brazil, March 16-17, 2027"
wicys-annual-conference-women-in-cybersecurity-2027-aurora,WiCyS 2027 Annual Conference (Women in Cybersecurity),,WiCyS Annual Conference (Women in Cybersecurity),,2027,2027-03-17,2027-03-19,day,Aurora,Colorado,United States,US,North America,,in-person,WiCyS,Cybersecurity & Privacy,cybersecurity; wicys; women,WiCyS; Aurora; Colorado; United States; North America; 2027; Cybersecurity & Privacy,https://www.wicys.org/event/wicys-2027-annual-conference/,official_site,https://www.wicys.org/event/wicys-2027-annual-conference/,,"WiCyS 2027 Annual Conference (Women in Cybersecurity), Aurora, Colorado, USA, March 17-19, 2027"
arceconf-2027-berlin,"ARCECONF 2027, 4th World Architecture and Civil Engineering Conference",ARCECONF,"ARCECONF , 4th World Architecture and Civil Engineering Conference",4th,2027,2027-03-18,2027-03-20,day,Berlin,,Germany,DE,Europe,,in-person,,Engineering,civil engineering; architecture; arceconf; civil; engineering,ARCECONF; Berlin; Germany; Europe; 2027; Engineering,https://www.new.arceconf.org/,official_site,https://www.new.arceconf.org/,,"ARCECONF 2027, 4th World Architecture and Civil Engineering Conference, Berlin, Germany, March 18-20, 2027"
icsgge-2027-hong-kong,"ICSGGE 2027, 6th International Conference on Smart Grid and Green Energy",ICSGGE,"ICSGGE , 6th International Conference on Smart Grid and Green Energy",6th,2027,2027-03-19,2027-03-21,day,Hong Kong,,China,CN,Asia,,in-person,,Energy & Geosciences,smart grid; icsgge; smart; grid; green; energy,ICSGGE; Hong Kong; China; Asia; 2027; Energy & Geosciences,https://www.icsgge.org/,official_site,https://www.icsgge.org/,,"ICSGGE 2027, 6th International Conference on Smart Grid and Green Energy, Hong Kong, China, March 19-21, 2027"
nccn-2027-san-diego,NCCN 2027 Annual Conference,NCCN,NCCN Annual Conference,,2027,2027-03-19,2027-03-21,day,San Diego,California,United States,US,North America,Hilton San Diego Bayfront,in-person,NCCN,Medicine & Oncology,nccn,NCCN; San Diego; California; United States; North America; 2027; Medicine & Oncology,https://www.nccn.org/education-research/educational-events-and-programs/annual-conference,official_site,https://www.nccn.org/education-research/educational-events-and-programs/annual-conference,,"NCCN 2027 Annual Conference, Hilton San Diego Bayfront, San Diego, California, USA, March 19-21, 2027"
acs-spring-national-meeting-exposition-2027-new-orleans,ACS Spring 2027 National Meeting & Exposition,,ACS Spring National Meeting & Exposition,,2027,2027-03-21,2027-03-25,day,New Orleans,LA,United States,US,North America,,in-person,ACS,Chemistry & Materials,acs; spring; exposition,ACS; New Orleans; LA; United States; North America; 2027; Chemistry & Materials,https://www.acs.org/events/acs-meetings/future-meetings.html,official_site,https://www.acs.org/events/acs-meetings/future-meetings.html,,"ACS Spring 2027 National Meeting & Exposition, New Orleans, LA, USA, March 21-25, 2027"
cstic-china-semiconductor-technology-international-conference-2027-sha,CSTIC 2027 China Semiconductor Technology International Conference,,CSTIC China Semiconductor Technology International Conference,,2027,2027-03-21,2027-03-23,day,Shanghai,,China,CN,Asia,,in-person,SEMI,Technology & Consumer Electronics,semiconductor; cstic; china; technology,SEMI; Shanghai; China; Asia; 2027; Technology & Consumer Electronics,https://www.semiconchina.org/en/5,official_site,https://www.semiconchina.org/en/5,,"CSTIC 2027 China Semiconductor Technology International Conference, Shanghai, China, March 21-23, 2027"
pharma-forum-2027-national-harbor,Pharma Forum 2027,,Pharma Forum,,2027,2027-03-21,2027-03-24,day,National Harbor,Maryland,United States,US,North America,Gaylord National Resort,in-person,Informa Connect,,pharma,Informa Connect; National Harbor; Maryland; United States; North America; 2027,https://informaconnect.com/pharma-forum/,official_site,https://informaconnect.com/pharma-forum/,,"Pharma Forum 2027, Gaylord National Resort, National Harbor, Maryland, USA, March 21-24, 2027"
chemical-catalyst-8th-international-summit-on-catalysis-2027-berlin,"Chemical Catalyst 2027, 8th International Summit on Catalysis",,"Chemical Catalyst , 8th International Summit on Catalysis",,2027,2027-03-25,2027-03-26,day,Berlin,,Germany,DE,Europe,SRH Berlin University of Applied Sciences,in-person,,Chemistry & Materials,catalysis; chemical; catalyst,Berlin; Germany; Europe; 2027; Chemistry & Materials,https://catalyst-srh.com/,official_site,https://catalyst-srh.com/,,"Chemical Catalyst 2027, 8th International Summit on Catalysis, SRH Berlin University of Applied Sciences, Berlin, Germany, March 25-26, 2027"
ic4e-18th-international-conference-on-e-education-e-business-e-managem,"IC4e 2027, 18th International Conference on E-Education, E-Business, E-Management and E-Learning",,"IC4e , 18th International Conference on E-Education, E-Business, E-Management and E-Learning",,2027,2027-03-26,2027-03-29,day,Fukuoka,,Japan,JP,Asia,,in-person,,Education & EdTech,education; e-learning; learning; ic4e; 18th; e-education; e-business; e-management,Fukuoka; Japan; Asia; 2027; Education & EdTech,https://www.ic4e.net/,official_site,https://www.ic4e.net/,,"IC4e 2027, 18th International Conference on E-Education, E-Business, E-Management and E-Learning, Fukuoka, Japan, March 26-29, 2027"
icbcb-2027-xi-an,"ICBCB 2027, International Conference on Bioinformatics and Computational Biology",ICBCB,"ICBCB , International Conference on Bioinformatics and Computational Biology",,2027,2027-03-26,2027-03-29,day,Xi'an,,China,CN,Asia,,in-person,,Life Sciences,biology; bioinformatics; icbcb; computational,ICBCB; Xi'an; China; Asia; 2027; Life Sciences,https://www.icbcb.org/,official_site,https://www.icbcb.org/,,"ICBCB 2027, International Conference on Bioinformatics and Computational Biology, Xi'an, China, March 26-29, 2027"
icavls-2027-paris,"ICAVLS 2027 International Conference on Agriculture, Veterinary and Life Sciences",ICAVLS,"ICAVLS International Conference on Agriculture, Veterinary and Life Sciences",,2027,2027-03-29,2027-03-30,day,Paris,,France,FR,Europe,,in-person,,Agriculture & Food,agriculture; veterinary; icavls; life; sciences,ICAVLS; Paris; France; Europe; 2027; Agriculture & Food,https://conferenceindex.org/event/international-conference-on-agriculture-veterinary-and-life-sciences-icavls-2027-march-paris-fr,directory_listing,,,"ICAVLS 2027 International Conference on Agriculture, Veterinary and Life Sciences, Paris, France, March 29-30, 2027"
icemac-2027-singapore,ICEMAC 2027 International Conference on Emergency Medicine and Acute Care,ICEMAC,ICEMAC International Conference on Emergency Medicine and Acute Care,,2027,2027-03-29,2027-03-30,day,Singapore,,Singapore,SG,Asia,,in-person,,,icemac; emergency; medicine; acute; care,ICEMAC; Singapore; Asia; 2027,https://conferenceindex.org/event/international-conference-on-emergency-medicine-and-acute-care-icemac-2027-march-singapore-sg,directory_listing,,,"ICEMAC 2027 International Conference on Emergency Medicine and Acute Care, Singapore, Singapore, March 29-30, 2027"
imclimatechange2027-international-climate-change-conference-2027-toron,IMCLIMATECHANGE2027 International Climate Change Conference,,IMCLIMATECHANGE2027 International Climate Change Conference,,2027,2027-03-29,2027-03-31,day,Toronto,,Canada,CA,North America,,in-person,,Environment & Sustainability,climate change; imclimatechange2027; climate; change,Toronto; Canada; North America; 2027; Environment & Sustainability,https://inscitechsummits.com/2027/imclimatechange,official_site,https://inscitechsummits.com/2027/imclimatechange,,"IMCLIMATECHANGE2027 International Climate Change Conference, Toronto, Canada, March 29-31, 2027"
public-health-conference-2027-boston,Public Health-2027 Conference,,Public Health- Conference,,2027,2027-04-01,2027-04-02,day,Boston,Massachusetts,United States,US,North America,,in-person,,Healthcare & Health IT,public health; health; public; health-2027,Boston; Massachusetts; United States; North America; 2027; Healthcare & Health IT,https://publichealthcareconference.com/,official_site,https://publichealthcareconference.com/,,"Public Health-2027 Conference, Boston, Massachusetts, USA, April 1-2, 2027"
aacr-2027-orlando,AACR Annual Meeting 2027,AACR,AACR Annual Meeting,,2027,2027-04-02,2027-04-07,day,Orlando,Florida,United States,US,North America,,in-person,AACR,Medicine & Oncology,aacr,AACR; Orlando; Florida; United States; North America; 2027; Medicine & Oncology,https://www.aacr.org/meeting/aacr-annual-meeting-2027/,official_site,https://www.aacr.org/meeting/aacr-annual-meeting-2027/,,"AACR Annual Meeting 2027, Orlando, Florida, USA, April 2-7, 2027"
world-congress-on-environmental-science-climate-change-2027-zurich,3rd World Congress on Environmental Science & Climate Change 2027,,World Congress on Environmental Science & Climate Change,3rd,2027,2027-04-05,2027-04-06,day,Zurich,,Switzerland,CH,Europe,,in-person,,Environment & Sustainability,climate change; environmental science; environmental; science; climate; change,Zurich; Switzerland; Europe; 2027; Environment & Sustainability,https://environmentalscience.inovineconferences.com/,official_site,https://environmentalscience.inovineconferences.com/,,"3rd World Congress on Environmental Science & Climate Change 2027, Zurich, Switzerland, April 05-06, 2027"
rsa-2027-san-francisco,RSA Conference 2027,RSA,RSA Conference,,2027,2027-04-05,2027-04-08,day,San Francisco,California,United States,US,North America,,in-person,,,,RSA; San Francisco; California; United States; North America; 2027,https://www.rsaconference.com/,official_site,https://www.rsaconference.com/,,"RSA Conference 2027, San Francisco, California, USA, April 5-8, 2027"
airc-artificial-intelligence-robotics-and-control-2027-tempe,"AIRC 2027 Artificial Intelligence, Robotics and Control",,"AIRC Artificial Intelligence, Robotics and Control",,2027,2027-04-06,2027-04-08,day,Tempe,AZ,United States,US,North America,Arizona State University,in-person,,Artificial Intelligence & Machine Learning,artificial intelligence; robotics; airc; artificial; intelligence; control,Tempe; AZ; United States; North America; 2027; Artificial Intelligence & Machine Learning,https://www.airc.org/,official_site,https://www.airc.org/,,"AIRC 2027 Artificial Intelligence, Robotics and Control, Arizona State University, Tempe, AZ, USA, April 6-8, 2027"
future-biotech-expo-2027-philadelphia,Future Biotech Expo 2027,,Future Biotech Expo,,2027,2027-04-07,2027-04-08,day,Philadelphia,Pennsylvania,United States,US,North America,,in-person,,,future; biotech,Philadelphia; Pennsylvania; United States; North America; 2027,https://futurebiotechexpo.com/,official_site,https://futurebiotechexpo.com/,,"Future Biotech Expo 2027, Philadelphia, Pennsylvania, USA, April 7-8, 2027"
quantum-networks-summit-2027-paris,Quantum Networks Summit 2027,,Quantum Networks Summit,,2027,2027-04-07,2027-04-08,day,Paris,,France,FR,Europe,Palais des Congres de Paris,in-person,,Physics & Astronomy,quantum; networks,Paris; France; Europe; 2027; Physics & Astronomy,https://quantumcomputingreport.com/conferences/,official_site,https://quantumcomputingreport.com/conferences/,,"Quantum Networks Summit 2027, Palais des Congres de Paris, Paris, France, April 7-8, 2027"
chemical-summit-international-experts-summit-on-catalysis-and-chemical,Chemical Summit 2027 International Experts Summit on Catalysis and Chemical Engineering,,Chemical Summit International Experts Summit on Catalysis and Chemical Engineering,,2027,2027-04-08,2027-04-10,day,Osaka,,Japan,JP,Asia,,in-person,,Chemistry & Materials,chemical engineering; catalysis; chemical; experts; engineering,Osaka; Japan; Asia; 2027; Chemistry & Materials,https://www.chemicalengineering.theiconicmeetings.com/,official_site,https://www.chemicalengineering.theiconicmeetings.com/,,"Chemical Summit 2027 International Experts Summit on Catalysis and Chemical Engineering, Osaka, Japan, April 08-10, 2027"
qpain-2027-chattogram,"QPAIN 2027 International Conference on Quantum Photonics, Artificial Intelligence and Networking",QPAIN,"QPAIN International Conference on Quantum Photonics, Artificial Intelligence and Networking",,2027,2027-04-08,2027-04-10,day,Chattogram,,Bangladesh,BD,Asia,,in-person,IEEE Photonics Society,Physics & Astronomy,photonics; quantum; quantum photonics; artificial intelligence; networking; qpain; artificial; intelligence,QPAIN; IEEE Photonics Society; Chattogram; Bangladesh; Asia; 2027; Physics & Astronomy,https://qpain.org/,official_site,https://qpain.org/,,"QPAIN 2027 International Conference on Quantum Photonics, Artificial Intelligence and Networking, Chattogram, Bangladesh, April 8-10, 2027"
euphc-2027-rome,EUPHC 2027 European Public Health Conference,EUPHC,EUPHC European Public Health Conference,,2027,2027-04-12,2027-04-14,day,Rome,,Italy,IT,Europe,,hybrid,,Healthcare & Health IT,public health; health; euphc; european; public,EUPHC; Rome; Italy; Europe; 2027; Healthcare & Health IT,https://cienciemeetings.com/public-health/,official_site,https://cienciemeetings.com/public-health/,,"EUPHC 2027 European Public Health Conference, Rome, Italy, April 12-14, 2027, hybrid event"
leap-tech-conference-2027-riyadh,LEAP 2027 Tech Conference,,LEAP Tech Conference,,2027,2027-04-12,2027-04-15,day,Riyadh,,Saudi Arabia,SA,Middle East,Riyadh Exhibition and Convention Center Malham,in-person,,,leap; tech,Riyadh; Saudi Arabia; Middle East; 2027,https://onegiantleap.com/,official_site,https://onegiantleap.com/,,"LEAP 2027 Tech Conference, Riyadh Exhibition and Convention Center Malham, Riyadh, Saudi Arabia, April 12-15, 2027"
acmse-acm-southeast-conference-2027-decatur,ACMSE 2027 ACM Southeast Conference,,ACMSE ACM Southeast Conference,,2027,2027-04-15,2027-04-17,day,Decatur,Alabama,United States,US,North America,Alabama Center for the Arts,in-person,ACM,,acmse; southeast,ACM; Decatur; Alabama; United States; North America; 2027,https://acmse.net/2027/,official_site,https://acmse.net/2027/,,"ACMSE 2027 ACM Southeast Conference, Alabama Center for the Arts, Decatur, Alabama, USA, April 15-17, 2027"
riyadh-international-disputes-week-2027-riyadh,Riyadh International Disputes Week 2027,,Riyadh International Disputes Week,,2027,2027-04-18,2027-04-22,day,Riyadh,,Saudi Arabia,SA,Middle East,,in-person,,,riyadh; disputes; week,Riyadh; Saudi Arabia; Middle East; 2027,https://ridw.org/,official_site,https://ridw.org/,,"Riyadh International Disputes Week 2027, Riyadh, Saudi Arabia, April 18-22, 2027"
drug-discovery-chemistry-2027-san-diego,Drug Discovery Chemistry 2027,,Drug Discovery Chemistry,,2027,2027-04-19,2027-04-22,day,San Diego,California,United States,US,North America,Hilton San Diego Bayfront,in-person,,Pharmaceutical & Biotechnology,drug discovery; drug; discovery; chemistry,San Diego; California; United States; North America; 2027; Pharmaceutical & Biotechnology,https://www.drugdiscoverychemistry.com/,official_site,https://www.drugdiscoverychemistry.com/,,"Drug Discovery Chemistry 2027, Hilton San Diego Bayfront, San Diego, California, USA, April 19-22, 2027"
publichealth-2027-milan,"PUBLICHEALTH-2027, 2nd International Conference on Public Health and Healthcare Systems",PUBLICHEALTH,"PUBLICHEALTH-, 2nd International Conference on Public Health and Healthcare Systems",2nd,2027,2027-04-19,2027-04-20,day,Milan,,Italy,IT,Europe,,in-person,,Healthcare & Health IT,public health; healthcare systems; health; publichealth-2027; public; healthcare; systems,PUBLICHEALTH; Milan; Italy; Europe; 2027; Healthcare & Health IT,https://publichealth2027.pagesconferences.org/,official_site,https://publichealth2027.pagesconferences.org/,,"PUBLICHEALTH-2027, 2nd International Conference on Public Health and Healthcare Systems, Milan, Italy, April 19-20, 2027"
hpsconf-2027-madrid,"HPSCONF 2027, 20th International Conference on Humanities, Psychology and Social Sciences",HPSCONF,"HPSCONF , 20th International Conference on Humanities, Psychology and Social Sciences",20th,2027,2027-04-23,2027-04-25,day,Madrid,,Spain,ES,Europe,,hybrid,,Social Sciences,psychology; social sciences; humanities; hpsconf; 20th; social; sciences,HPSCONF; Madrid; Spain; Europe; 2027; Social Sciences,https://www.hpsconf.org/,official_site,https://www.hpsconf.org/,,"HPSCONF 2027, 20th International Conference on Humanities, Psychology and Social Sciences, Madrid, Spain, April 23-25, 2027, hybrid event"
international-conference-on-environmental-sustainability-and-climate-c,10th International Conference on Environmental Sustainability and Climate Change,,International Conference on Environmental Sustainability and Climate Change,10th,2027,2027-04-26,2027-04-27,day,Vienna,,Austria,AT,Europe,,in-person,,Environment & Sustainability,sustainability; climate change; 10th; environmental; climate; change,Vienna; Austria; Europe; 2027; Environment & Sustainability,https://crgconferences.com/environmental,official_site,https://crgconferences.com/environmental,,"10th International Conference on Environmental Sustainability and Climate Change, Vienna, Austria, April 26-27, 2027"
iclr-2027-iclr-2027-international-conference-on-learning-representatio,ICLR 2027 International Conference on Learning Representations,ICLR,ICLR International Conference on Learning Representations,,2027,2027-04-26,2027-04-30,day,ICLR 2027 International Conference on Learning Representations,California,United States,US,North America,,in-person,,Education & EdTech,learning; iclr; representations,ICLR; ICLR 2027 International Conference on Learning Representations; California; United States; North America; 2027; Education & EdTech,https://www.opencurious.com/ai-conference-deadlines,official_site,https://www.opencurious.com/ai-conference-deadlines,,"ICLR 2027 International Conference on Learning Representations, California, United States, April 26-30, 2027"
wcx-sae-world-congress-experience-2027-detroit,WCX 2027 SAE World Congress Experience,,WCX SAE World Congress Experience,,2027,2027-04-27,2027-04-29,day,Detroit,Michigan,United States,US,North America,,in-person,SAE International,Automotive & Mobility,sae; experience,SAE International; Detroit; Michigan; United States; North America; 2027; Automotive & Mobility,https://www.sae.org/events/2027/wcx-sae-world-congress-experience/index,official_site,https://www.sae.org/events/2027/wcx-sae-world-congress-experience/index,,"WCX 2027 SAE World Congress Experience, Detroit, Michigan, USA, April 27-29, 2027"
global-alts-europe-2027-paris,Global Alts Europe 2027,,Global Alts Europe,,2027,2027-04-28,2027-04-29,day,Paris,,France,FR,Europe,Carrousel du Louvre,in-person,,,alts; europe,Paris; France; Europe; 2027,https://www.privateequitymarketeer.com/the-marketeers-playbook/your-guide-to-private-equity-conferences-in-2026,official_site,https://www.privateequitymarketeer.com/the-marketeers-playbook/your-guide-to-private-equity-conferences-in-2026,,"Global Alts Europe 2027, Carrousel du Louvre, Paris, France, April 28-29, 2027"
international-conference-on-materials-science-engineering-2027-paris,16th International Conference on Materials Science & Engineering,,International Conference on Materials Science & Engineering,16th,2027,2027-04-29,2027-04-30,day,Paris,,France,FR,Europe,,in-person,,Chemistry & Materials,materials science; 16th; materials; science; engineering,Paris; France; Europe; 2027; Chemistry & Materials,https://materialscienceconferences.com/,official_site,https://materialscienceconferences.com/,,"16th International Conference on Materials Science & Engineering, Paris, France, April 29-30, 2027"
apcom-2027-montreal,APCOM 2027,,APCOM,,2027,2027-05-02,2027-05-05,day,Montreal,Quebec,Canada,CA,North America,Palais des congres de Montreal,in-person,CIM,Mining & Metallurgy,apcom,CIM; Montreal; Quebec; Canada; North America; 2027; Mining & Metallurgy,https://apcom2027.cim.org/,official_site,https://apcom2027.cim.org/,,"APCOM 2027, Palais des congres de Montreal, Montreal, Quebec, Canada, May 2-5, 2027"
acm-chi-conference-on-human-factors-in-computing-systems-2027-pittsbur,ACM CHI 2027 Conference on Human Factors in Computing Systems,,ACM CHI Conference on Human Factors in Computing Systems,,2027,2027-05-10,2027-05-14,day,Pittsburgh,Pennsylvania,United States,US,North America,,in-person,ACM,Technology & Consumer Electronics,computing; human; factors; systems,ACM; Pittsburgh; Pennsylvania; United States; North America; 2027; Technology & Consumer Electronics,https://chi2027.acm.org/,official_site,https://chi2027.acm.org/,,"ACM CHI 2027 Conference on Human Factors in Computing Systems, Pittsburgh, Pennsylvania, USA, May 10-14, 2027"
energy-geoscience-conference-egc2-p-j-live-2027-aberdeen,"Energy Geoscience Conference EGC2, P&J Live",,"Energy Geoscience Conference EGC2, P&J Live",,2027,2027-05-11,2027-05-13,day,Aberdeen,,United Kingdom,GB,Europe,,in-person,,Geosciences & Earth Systems,geoscience; energy; egc2; live,Aberdeen; United Kingdom; Europe; 2027; Geosciences & Earth Systems,https://10times.com/e1zk-38hp-59fg,directory_listing,,,"Energy Geoscience Conference EGC2, P&J Live, Aberdeen, United Kingdom, May 11-13, 2027"
international-conference-on-research-in-education-teaching-and-learnin,"12th International Conference on Research in Education, Teaching and Learning",,"International Conference on Research in Education, Teaching and Learning",12th,2027,2027-05-14,2027-05-16,day,Rome,,Italy,IT,Europe,,in-person,,Education & EdTech,education; teaching; learning; 12th; research,Rome; Italy; Europe; 2027; Education & EdTech,https://www.icetl.org/,official_site,https://www.icetl.org/,,"12th International Conference on Research in Education, Teaching and Learning, Rome, Italy, May 14-16, 2027"
icggg-2027-paris,"ICGGG 2027 International Conference on Geology, Geophysics and Geochemistry",ICGGG,"ICGGG International Conference on Geology, Geophysics and Geochemistry",,2027,2027-05-17,2027-05-18,day,Paris,,France,FR,Europe,,in-person,,Geosciences & Earth Systems,geology; geophysics; geochemistry; icggg,ICGGG; Paris; France; Europe; 2027; Geosciences & Earth Systems,https://conferenceindex.org/event/international-conference-on-geology-geophysics-and-geochemistry-icggg-2027-may-paris-fr,directory_listing,,,"ICGGG 2027 International Conference on Geology, Geophysics and Geochemistry, Paris, France, May 17-18, 2027"
ieee-icde-2027-copenhagen,IEEE ICDE 2027,,IEEE ICDE,,2027,2027-05-17,2027-05-21,day,Copenhagen,,Denmark,DK,Europe,,in-person,IEEE,,ieee; icde,IEEE; Copenhagen; Denmark; Europe; 2027,https://icde2027.github.io/,official_site,https://icde2027.github.io/,,"IEEE ICDE 2027, Copenhagen, Denmark, May 17-21, 2027"
international-conference-on-environmental-science-climate-tech-green-e,"International Conference on Environmental Science, Climate Tech & Green Energy 2027",,"International Conference on Environmental Science, Climate Tech & Green Energy",,2027,2027-05-17,2027-05-19,day,Paris,,France,FR,Europe,,in-person,,Environment & Sustainability,environmental science; environmental; science; climate; tech; green; energy,Paris; France; Europe; 2027; Environment & Sustainability,https://wisdomconferences.com/environmental-science/about,official_site,https://wisdomconferences.com/environmental-science/about,,"International Conference on Environmental Science, Climate Tech & Green Energy 2027, Paris, France, May 17-19, 2027"
6g-summit-at-network-x-americas-2027-dallas,6G Summit at Network X Americas 2027,,6G Summit at Network X Americas,,2027,2027-05-18,2027-05-20,day,Dallas,Texas,United States,US,North America,Irving Convention Center at Las Colinas,in-person,,Telecommunications & Networking,6g; network; americas,Dallas; Texas; United States; North America; 2027; Telecommunications & Networking,https://tmt.knect365.com/network-x-americas/6g-summit/,official_site,https://tmt.knect365.com/network-x-americas/6g-summit/,,"6G Summit at Network X Americas 2027, Irving Convention Center at Las Colinas, Dallas, Texas, USA, May 18-20, 2027"
bio-it-2027-boston,Bio-IT World Conference & Expo 2027,Bio-IT,Bio-IT World Conference & Expo,,2027,2027-05-18,2027-05-20,day,Boston,Massachusetts,United States,US,North America,,hybrid,,,bio-it,Bio-IT; Boston; Massachusetts; United States; North America; 2027,https://www.bio-itworldexpo.com/,official_site,https://www.bio-itworldexpo.com/,,"Bio-IT World Conference & Expo 2027, Boston, Massachusetts, USA, May 18-20, 2027, hybrid event"
impact-investor-global-summit-2027-london,Impact Investor Global Summit 2027,,Impact Investor Global Summit,,2027,2027-05-18,2027-05-19,day,London,,United Kingdom,GB,Europe,,in-person,,,impact; investor,London; United Kingdom; Europe; 2027,https://www.privateequitymarketeer.com/the-marketeers-playbook/your-guide-to-private-equity-conferences-in-2026,official_site,https://www.privateequitymarketeer.com/the-marketeers-playbook/your-guide-to-private-equity-conferences-in-2026,,"Impact Investor Global Summit 2027, London, United Kingdom, May 18-19, 2027"
network-x-americas-2027-dallas,Network X Americas 2027,,Network X Americas,,2027,2027-05-18,2027-05-20,day,Dallas,Texas,United States,US,North America,Irving Convention Center at Las Colinas,in-person,,,network; americas,Dallas; Texas; United States; North America; 2027,https://tmt.knect365.com/network-x-americas/,official_site,https://tmt.knect365.com/network-x-americas/,,"Network X Americas 2027, Irving Convention Center at Las Colinas, Dallas, Texas, USA, May 18-20, 2027"
msnc-chemistry-chemical-engineering-conference-2027-chicago,MSNC-2027 Chemistry & Chemical Engineering Conference,,MSNC- Chemistry & Chemical Engineering Conference,,2027,2027-05-19,2027-05-20,day,Chicago,Illinois,United States,US,North America,,in-person,,Chemistry & Materials,chemistry; chemical engineering; msnc-2027; chemical; engineering,Chicago; Illinois; United States; North America; 2027; Chemistry & Materials,https://us.chemistry-meetings.com/,official_site,https://us.chemistry-meetings.com/,,"MSNC-2027 Chemistry & Chemical Engineering Conference, Chicago, Illinois, USA, May 19-20, 2027"
msnc-materials-science-conference-2027-chicago,MSNC-2027 Materials Science Conference,,MSNC- Materials Science Conference,,2027,2027-05-19,2027-05-20,day,Chicago,Illinois,United States,US,North America,,in-person,,Chemistry & Materials,materials science; msnc-2027; materials; science,Chicago; Illinois; United States; North America; 2027; Chemistry & Materials,https://us.materialssciencesummit.com/,official_site,https://us.materialssciencesummit.com/,,"MSNC-2027 Materials Science Conference, Chicago, Illinois, USA, May 19-20, 2027"
dental-2nd-international-conference-on-dentistry-and-oral-health-2027-,"Dental 2027, 2nd International Conference on Dentistry and Oral Health",,"Dental , 2nd International Conference on Dentistry and Oral Health",,2027,2027-05-20,2027-05-22,day,London,,United Kingdom,GB,Europe,,hybrid,Iris Scientific Group,Healthcare & Health IT,health; dental; dentistry; oral,Iris Scientific Group; London; United Kingdom; Europe; 2027; Healthcare & Health IT,https://dentalworldconference.com/,official_site,https://dentalworldconference.com/,,"Dental 2027, 2nd International Conference on Dentistry and Oral Health, London, United Kingdom, May 20-22, 2027, hybrid event"
agsasvm-2027-brussels,AGSASVM 2027 Annual Global Summit on Animal Science and Veterinary Medicine,AGSASVM,AGSASVM Annual Global Summit on Animal Science and Veterinary Medicine,,2027,2027-05-24,2027-05-26,day,Brussels,,Belgium,BE,Europe,,in-person,,Agriculture & Food,veterinary; veterinary medicine; animal science; agsasvm; animal; science; medicine,AGSASVM; Brussels; Belgium; Europe; 2027; Agriculture & Food,https://vividglobalsummits.com/2027/animal-science,official_site,https://vividglobalsummits.com/2027/animal-science,,"AGSASVM 2027 Annual Global Summit on Animal Science and Veterinary Medicine, Brussels, Belgium, May 24-26, 2027"
ieee-ccece-40th-ieee-canadian-conference-on-electrical-and-computer-en,"IEEE CCECE 2027, 40th IEEE Canadian Conference on Electrical and Computer Engineering",,"IEEE CCECE , 40th IEEE Canadian Conference on Electrical and Computer Engineering",,2027,2027-05-24,2027-05-27,day,Toronto,Ontario,Canada,CA,North America,Toronto Metropolitan University,in-person,IEEE,,ieee; ccece; 40th; canadian; electrical; computer; engineering,IEEE; Toronto; Ontario; Canada; North America; 2027,https://attend.ieee.org/ccece-2027/,official_site,https://attend.ieee.org/ccece-2027/,,"IEEE CCECE 2027, 40th IEEE Canadian Conference on Electrical and Computer Engineering, Toronto Metropolitan University, Toronto, Ontario, Canada, May 24-27, 2027"
robotics-4th-international-conference-on-robotics-intelligent-systems-,"Robotics-2027, 4th International Conference on Robotics & Intelligent Systems",,"Robotics-, 4th International Conference on Robotics & Intelligent Systems",,2027,2027-05-24,2027-05-25,day,Berlin,,Germany,DE,Europe,,in-person,,Robotics & Automation,robotics; robotics-2027; intelligent; systems,Berlin; Germany; Europe; 2027; Robotics & Automation,https://robotics2027.pagesconferences.org/,official_site,https://robotics2027.pagesconferences.org/,,"Robotics-2027, 4th International Conference on Robotics & Intelligent Systems, Berlin, Germany, May 24-25, 2027"
eage-annual-conference-exhibition-2027-amsterdam,88th EAGE Annual Conference & Exhibition 2027,,EAGE Annual Conference & Exhibition,88th,2027,2027-05-31,2027-06-03,day,Amsterdam,,Netherlands,NL,Europe,RAI Amsterdam,in-person,EAGE,Geosciences & Earth Systems,eage; 88th,EAGE; Amsterdam; Netherlands; Europe; 2027; Geosciences & Earth Systems,https://eageannual.org/,official_site,https://eageannual.org/,,"88th EAGE Annual Conference & Exhibition 2027, RAI Amsterdam, Amsterdam, Netherlands, 31 May - 3 June 2027"
smartgridx-global-summit-on-smart-grid-technologies-and-energy-systems,SmartGridX-2027 Global Summit on Smart Grid Technologies and Energy Systems,,SmartGridX- Global Summit on Smart Grid Technologies and Energy Systems,,2027,2027-06-02,2027-06-04,day,Rome,,Italy,IT,Europe,,in-person,,Energy & Geosciences,smart grid; energy systems; smartgridx-2027; smart; grid; technologies; energy; systems,Rome; Italy; Europe; 2027; Energy & Geosciences,https://smartgrid2027.com/,official_site,https://smartgrid2027.com/,,"SmartGridX-2027 Global Summit on Smart Grid Technologies and Energy Systems, Rome, Italy, June 2-4, 2027"
pldi-acm-sigplan-conference-on-programming-language-design-and-impleme,PLDI 2027 ACM SIGPLAN Conference on Programming Language Design and Implementation,,PLDI ACM SIGPLAN Conference on Programming Language Design and Implementation,,2027,2027-06-05,2027-06-11,day,Atlanta,Georgia,United States,US,North America,Hyatt Regency Atlanta,in-person,ACM,,pldi; sigplan; programming; language; design; implementation,ACM; Atlanta; Georgia; United States; North America; 2027,https://pldi27.sigplan.org/,official_site,https://pldi27.sigplan.org/,,"PLDI 2027 ACM SIGPLAN Conference on Programming Language Design and Implementation, Hyatt Regency Atlanta, Atlanta, Georgia, USA, June 5-11, 2027"
international-conference-on-artificial-intelligence-2027-singapore,International Conference on Artificial Intelligence,,International Conference on Artificial Intelligence,,2027,2027-06-07,2027-06-09,day,Singapore,,Singapore,SG,Asia,Machine Learning & Intelligent System,in-person,,Artificial Intelligence & Machine Learning,artificial intelligence; machine learning; learning; artificial; intelligence,Singapore; Asia; 2027; Artificial Intelligence & Machine Learning,https://conferenceindex.org/event/international-conference-on-artificial-intelligence-machine-learning-intelligent-system-2027-june-singapore-sg,directory_listing,,,"International Conference on Artificial Intelligence, Machine Learning & Intelligent System, Singapore, Singapore, June 07-09, 2027"
superreturn-international-2027-berlin,SuperReturn International 2027,,SuperReturn International,,2027,2027-06-07,2027-06-11,day,Berlin,,Germany,DE,Europe,,in-person,Informa,,superreturn,Informa; Berlin; Germany; Europe; 2027,https://www.privateequitymarketeer.com/the-marketeers-playbook/your-guide-to-private-equity-conferences-in-2026,official_site,https://www.privateequitymarketeer.com/the-marketeers-playbook/your-guide-to-private-equity-conferences-in-2026,,"SuperReturn International 2027, Berlin, Germany, June 7-11, 2027"
structuralengg-nextgen-structural-engineering-conference-2027-rome,StructuralEngg-2027 NextGen Structural Engineering Conference,,StructuralEngg- NextGen Structural Engineering Conference,,2027,2027-06-09,2027-06-11,day,Rome,,Italy,IT,Europe,,in-person,,Engineering,structural engineering; structuralengg-2027; nextgen; structural; engineering,Rome; Italy; Europe; 2027; Engineering,https://structuralengg2027.com/,official_site,https://structuralengg2027.com/,,"StructuralEngg-2027 NextGen Structural Engineering Conference, Rome, Italy, June 9-11, 2027"
icphe-2027-barcelona,ICPHE 2027 International Conference on Public Health and Epidemiology,ICPHE,ICPHE International Conference on Public Health and Epidemiology,,2027,2027-06-10,2027-06-11,day,Barcelona,,Spain,ES,Europe,,in-person,,Healthcare & Health IT,public health; epidemiology; health; icphe; public,ICPHE; Barcelona; Spain; Europe; 2027; Healthcare & Health IT,https://waset.org/public-health-and-epidemiology-conference-in-june-2027-in-barcelona,directory_listing,,,"ICPHE 2027 International Conference on Public Health and Epidemiology, Barcelona, Spain, June 10-11, 2027"
international-veterinary-science-conference-2027-hangzhou,International Veterinary Science Conference 2027,,International Veterinary Science Conference,,2027,2027-06-11,2027-06-14,day,Hangzhou,,China,CN,Asia,,in-person,,Agriculture & Food,veterinary; science,Hangzhou; China; Asia; 2027; Agriculture & Food,https://sciforum.net/event/IVSC2027,official_site,https://sciforum.net/event/IVSC2027,,"International Veterinary Science Conference 2027, Hangzhou, China, June 11-14, 2027"
acm-sigmod-pods-2027-huntington-beach,ACM SIGMOD/PODS 2027,,ACM SIGMOD/PODS,,2027,2027-06-13,2027-06-19,day,Huntington Beach,California,United States,US,North America,,in-person,ACM,,sigmod; pods,ACM; Huntington Beach; California; United States; North America; 2027,https://2027.sigmod.org/,official_site,https://2027.sigmod.org/,,"ACM SIGMOD/PODS 2027, Huntington Beach, California, United States, June 13-19, 2027"
gartner-security-risk-management-summit-2027-national-harbor,Gartner Security & Risk Management Summit 2027,,Gartner Security & Risk Management Summit,,2027,2027-06-14,2027-06-16,day,National Harbor,Maryland,United States,US,North America,,in-person,Gartner,Business & Finance,management; risk management; gartner; security; risk,Gartner; National Harbor; Maryland; United States; North America; 2027; Business & Finance,https://www.gartner.com/en/conferences/na/security-risk-management-us,official_site,https://www.gartner.com/en/conferences/na/security-risk-management-us,,"Gartner Security & Risk Management Summit 2027, National Harbor, Maryland, USA, June 14-16, 2027"
lasa-2027-mexico-city,LASA 2027 International Congress of the Latin American Studies Association,LASA,LASA International Congress of the Latin American Studies Association,,2027,2027-06-15,2027-06-19,day,Mexico City,,Mexico,MX,North America,Universidad Nacional Autonoma de Mexico,in-person,Latin American Studies Association,,lasa; latin; american; studies; association,LASA; Latin American Studies Association; Mexico City; Mexico; North America; 2027,https://10times.com/e1gf-dk3f-k6d5-7-lasa-international-congress,directory_listing,,,"LASA 2027 International Congress of the Latin American Studies Association, Universidad Nacional Autonoma de Mexico, Mexico City, Mexico, June 15-19, 2027"
the-learning-ideas-conference-2027-new-york,The Learning Ideas Conference 2027,,The Learning Ideas Conference,,2027,2027-06-16,2027-06-18,day,New York,,United States,US,North America,,in-person,,Education & EdTech,learning; ideas,New York; United States; North America; 2027; Education & EdTech,https://www.learningideasconf.org/,official_site,https://www.learningideasconf.org/,,"The Learning Ideas Conference 2027, New York, United States, June 16-18, 2027"
icmmpme-2027-venice,"ICMMPME 2027 International Conference on Mining, Mineral Processing and Metallurgical Engineering",ICMMPME,"ICMMPME International Conference on Mining, Mineral Processing and Metallurgical Engineering",,2027,2027-06-17,2027-06-18,day,Venice,,Italy,IT,Europe,,in-person,,Mining & Metallurgy,mining; mineral processing; icmmpme; mineral; processing; metallurgical; engineering,ICMMPME; Venice; Italy; Europe; 2027; Mining & Metallurgy,https://conferenceindex.org/event/international-conference-on-mining-mineral-processing-and-metallurgical-engineering-icmmpme-2027-june-venice-it,directory_listing,,,"ICMMPME 2027 International Conference on Mining, Mineral Processing and Metallurgical Engineering, Venice, Italy, June 17-18, 2027"
bmeconf-business-management-conference-2027-tokyo,BMECONF 2027 Business Management Conference,,BMECONF Business Management Conference,,2027,2027-06-18,2027-06-20,day,Tokyo,,Japan,JP,Asia,,in-person,,,bmeconf; business; management,Tokyo; Japan; Asia; 2027,https://www.bmeconf.org/business/,official_site,https://www.bmeconf.org/business/,,"BMECONF 2027 Business Management Conference, Tokyo, Japan, June 18-20, 2027"
sesg-2027-suzhou,"SESG 2027, 3rd International Conference on Smart Energy and Smart Grid",SESG,"SESG , 3rd International Conference on Smart Energy and Smart Grid",3rd,2027,2027-06-18,2027-06-20,day,Suzhou,,China,CN,Asia,,in-person,,Energy & Geosciences,smart grid; sesg; smart; energy; grid,SESG; Suzhou; China; Asia; 2027; Energy & Geosciences,https://www.icsesg.org/,official_site,https://www.icsesg.org/,,"SESG 2027, 3rd International Conference on Smart Energy and Smart Grid, Suzhou, China, June 18-20, 2027"
worldte-2027-tokyo,"WORLDTE 2027, 11th World Conference on Research in Teaching and Education",WORLDTE,"WORLDTE , 11th World Conference on Research in Teaching and Education",11th,2027,2027-06-18,2027-06-20,day,Tokyo,,Japan,JP,Asia,,in-person,,Education & EdTech,education; teaching; worldte; 11th; research,WORLDTE; Tokyo; Japan; Asia; 2027; Education & EdTech,https://www.worldte.org/education-conference/,official_site,https://www.worldte.org/education-conference/,,"WORLDTE 2027, 11th World Conference on Research in Teaching and Education, Tokyo, Japan, June 18-20, 2027"
asme-turbo-expo-turbomachinery-technical-conference-exposition-2027-ca,ASME Turbo Expo 2027 Turbomachinery Technical Conference & Exposition,,ASME Turbo Expo Turbomachinery Technical Conference & Exposition,,2027,2027-06-21,2027-06-25,day,Calgary,Alberta,Canada,CA,North America,,in-person,ASME,Engineering,asme; turbomachinery; turbo; technical; exposition,ASME; Calgary; Alberta; Canada; North America; 2027; Engineering,https://event.asme.org/Turbo-Expo,official_site,https://event.asme.org/Turbo-Expo,,"ASME Turbo Expo 2027 Turbomachinery Technical Conference & Exposition, Calgary, Alberta, Canada, June 21-25, 2027"
cct-2027-rome,"CCT 2027, 22nd International Conference on Catalysis, Chemical Engineering and Technology",CCT,"CCT , 22nd International Conference on Catalysis, Chemical Engineering and Technology",22nd,2027,2027-06-21,2027-06-23,day,Rome,,Italy,IT,Europe,,hybrid,,Chemistry & Materials,chemical engineering; catalysis; 22nd; chemical; engineering; technology,CCT; Rome; Italy; Europe; 2027; Chemistry & Materials,https://internationalcatalysisconferences.wordpress.com/,official_site,https://internationalcatalysisconferences.wordpress.com/,,"CCT 2027, 22nd International Conference on Catalysis, Chemical Engineering and Technology, Rome, Italy, June 21-23, 2027, hybrid event"
environmental-science-conference-2027-rome,Environmental Science Conference 2027,,Environmental Science Conference,,2027,2027-06-21,2027-06-23,day,Rome,,Italy,IT,Europe,,in-person,,Environment & Sustainability,environmental science; environmental; science,Rome; Italy; Europe; 2027; Environment & Sustainability,https://environmentalscienceconference.com/,official_site,https://environmentalscienceconference.com/,,"Environmental Science Conference 2027, Rome, Italy, June 21-23, 2027"
icmsn-materials-science-nanotechnology-2027-paris,ICMSN-2027 Materials Science & Nanotechnology,,ICMSN- Materials Science & Nanotechnology,,2027,2027-06-21,2027-06-22,day,Paris,,France,FR,Europe,,in-person,,Chemistry & Materials,materials science; nanotechnology; icmsn-2027; materials; science,Paris; France; Europe; 2027; Chemistry & Materials,https://materials-science.org/,official_site,https://materials-science.org/,,"ICMSN-2027 Materials Science & Nanotechnology, Paris, France, June 21-22, 2027"
pharmanext-pharma-summit-2027-barcelona,PharmaNext 2027 Pharma Summit,,PharmaNext Pharma Summit,,2027,2027-06-24,2027-06-25,day,Barcelona,,Spain,ES,Europe,,hybrid,,,pharmanext; pharma,Barcelona; Spain; Europe; 2027,https://pharmanext.org/,official_site,https://pharmanext.org/,,"PharmaNext 2027 Pharma Summit, Barcelona, Spain, June 24-25, 2027, hybrid event"
icrbmf-2027-kuala-lumpur,"ICRBMF 2027, 11th International Business, Finance, Management Conference",ICRBMF,"ICRBMF , 11th International Business, Finance, Management Conference",11th,2027,2027-06-25,2027-06-27,day,Kuala Lumpur,,Malaysia,MY,Asia,,in-person,,Business & Finance,business; management; finance; icrbmf; 11th,ICRBMF; Kuala Lumpur; Malaysia; Asia; 2027; Business & Finance,https://www.icrbmf.org/,official_site,https://www.icrbmf.org/,,"ICRBMF 2027, 11th International Business, Finance, Management Conference, Kuala Lumpur, Malaysia, June 25-27, 2027"
icef-africa-2027-nairobi,ICEF Africa 2027,,ICEF Africa,,2027,2027-06-28,2027-06-30,day,Nairobi,,Kenya,KE,Africa,Hyatt Regency Nairobi Westlands,in-person,ICEF,,icef; africa,ICEF; Nairobi; Kenya; Africa; 2027,https://www.icef.com/events/icef-africa/,official_site,https://www.icef.com/events/icef-africa/,,"ICEF Africa 2027, Hyatt Regency Nairobi Westlands, Nairobi, Kenya, June 28-30, 2027"
rtese-recent-trends-in-environmental-science-and-engineering-2027-cart,RTESE 2027 Recent Trends in Environmental Science and Engineering,,RTESE Recent Trends in Environmental Science and Engineering,,2027,2027-06-28,2027-06-30,day,Cartagena,,Colombia,CO,South America,,in-person,,Environment & Sustainability,environmental science; rtese; recent; trends; environmental; science; engineering,Cartagena; Colombia; South America; 2027; Environment & Sustainability,https://rtese.com/,official_site,https://rtese.com/,,"RTESE 2027 Recent Trends in Environmental Science and Engineering, Cartagena, Colombia, June 28-30, 2027"
wcac-cardio-world-congress-2027-barcelona,WCAC-2027 Cardio World Congress,,WCAC- Cardio World Congress,,2027,2027-06-28,2027-06-29,day,Barcelona,,Spain,ES,Europe,,in-person,,,wcac-2027; cardio,Barcelona; Spain; Europe; 2027,https://cardio-worldcongress.org/,official_site,https://cardio-worldcongress.org/,,"WCAC-2027 Cardio World Congress, Barcelona, Spain, June 28-29, 2027"
ieee-asme-2027-calgary,IEEE/ASME International Conference on Advanced Intelligent Mechatronics AIM 2027,IEEE/ASME,IEEE/ASME International Conference on Advanced Intelligent Mechatronics AIM,,2027,2027-06-29,2027-07-02,day,Calgary,,Canada,CA,North America,,in-person,ASME,Engineering,mechatronics; asme; ieee; advanced; intelligent,IEEE/ASME; ASME; Calgary; Canada; North America; 2027; Engineering,https://aim2027.com/,official_site,https://aim2027.com/,,"IEEE/ASME International Conference on Advanced Intelligent Mechatronics AIM 2027, Calgary, Canada, June 29 - July 2, 2027"
ispp-2027-amsterdam,ISPP 2027 Annual Meeting of the International Society of Political Psychology,ISPP,ISPP Annual Meeting of the International Society of Political Psychology,,2027,2027-07-06,2027-07-09,day,Amsterdam,,Netherlands,NL,Europe,,in-person,International Society of Political Psychology,Social Sciences,psychology; political psychology; ispp; society; political,ISPP; International Society of Political Psychology; Amsterdam; Netherlands; Europe; 2027; Social Sciences,https://ispp.org/meetings/,official_site,https://ispp.org/meetings/,,"ISPP 2027 Annual Meeting of the International Society of Political Psychology, Amsterdam, Netherlands, July 6-9, 2027"
osdi-2027-baltimore,"OSDI 2027, USENIX Symposium on Operating Systems Design and Implementation",OSDI,"OSDI , USENIX Symposium on Operating Systems Design and Implementation",,2027,2027-07-07,2027-07-09,day,Baltimore,Maryland,United States,US,North America,Hyatt Regency Baltimore Inner Harbor,in-person,USENIX,,osdi; usenix; operating; systems; design; implementation,OSDI; USENIX; Baltimore; Maryland; United States; North America; 2027,https://www.usenix.org/conference/osdi27,official_site,https://www.usenix.org/conference/osdi27,,"OSDI 2027, USENIX Symposium on Operating Systems Design and Implementation, Hyatt Regency Baltimore Inner Harbor, Baltimore, Maryland, USA, July 7-9, 2027"
agd-2027-chicago,AGD 2027 Annual Dental Conference,AGD,AGD Annual Dental Conference,,2027,2027-07-08,2027-07-10,day,Chicago,Illinois,United States,US,North America,,in-person,Academy of General Dentistry,,dental,AGD; Academy of General Dentistry; Chicago; Illinois; United States; North America; 2027,https://www.agd.org/agd-meeting,official_site,https://www.agd.org/agd-meeting,,"AGD 2027 Annual Dental Conference, Chicago, Illinois, USA, July 8-10, 2027"
goldschmidt-conference-2027-paris,Goldschmidt 2027 Conference,,Goldschmidt Conference,,2027,2027-07-11,2027-07-16,day,Paris,,France,FR,Europe,,in-person,European Association of Geochemistry,Geosciences & Earth Systems,geochemistry; goldschmidt,European Association of Geochemistry; Paris; France; Europe; 2027; Geosciences & Earth Systems,https://www.eag.org/events/goldschmidt/,official_site,https://www.eag.org/events/goldschmidt/,,"Goldschmidt 2027 Conference, Paris, France, July 11-16, 2027"
icbml-2027-london,"ICBML 2027, 5th International Business and Management Conference",ICBML,"ICBML , 5th International Business and Management Conference",5th,2027,2027-07-16,2027-07-18,day,London,,United Kingdom,GB,Europe,,in-person,,,icbml; business; management,ICBML; London; United Kingdom; Europe; 2027,https://www.icbml.org/,official_site,https://www.icbml.org/,,"ICBML 2027, 5th International Business and Management Conference, London, United Kingdom, July 16-18, 2027"
phwc-public-health-world-conference-2027-singapore,PHWC 2027 Public Health World Conference,,PHWC Public Health World Conference,,2027,2027-07-16,2027-07-18,day,Singapore,,Singapore,SG,Asia,,hybrid,,Healthcare & Health IT,public health; health; phwc; public,Singapore; Asia; 2027; Healthcare & Health IT,https://publichealthworldconference.com/,official_site,https://publichealthworldconference.com/,,"PHWC 2027 Public Health World Conference, Singapore, Singapore, July 16-18, 2027, hybrid event"
gartner-security-risk-management-summit-tokyo-2027-tokyo,Gartner Security & Risk Management Summit 2027 Tokyo,,Gartner Security & Risk Management Summit Tokyo,,2027,2027-07-21,2027-07-23,day,Tokyo,,Japan,JP,Asia,,in-person,Gartner,Business & Finance,management; risk management; gartner; security; risk; tokyo,Gartner; Tokyo; Japan; Asia; 2027; Business & Finance,https://www.gartner.com/en/conferences/hub/cybersecurity-conferences,official_site,https://www.gartner.com/en/conferences/hub/cybersecurity-conferences,,"Gartner Security & Risk Management Summit 2027 Tokyo, Tokyo, Japan, July 21-23, 2027"
ieee-pes-general-meeting-2027-san-francisco,IEEE PES General Meeting 2027,,IEEE PES General Meeting,,2027,2027-07-25,2027-07-29,day,San Francisco,California,United States,US,North America,,in-person,IEEE,,ieee; general,IEEE; San Francisco; California; United States; North America; 2027,https://pes-gm.org/,official_site,https://pes-gm.org/,,"IEEE PES General Meeting 2027, San Francisco, California, USA, July 25-29, 2027"
gartner-security-risk-management-summit-brazil-2027-sao-paulo,Gartner Security & Risk Management Summit 2027 Brazil,,Gartner Security & Risk Management Summit Brazil,,2027,2027-08-03,2027-08-04,day,Sao Paulo,,Brazil,BR,South America,,in-person,Gartner,Business & Finance,management; risk management; gartner; security; risk; brazil,Gartner; Sao Paulo; Brazil; South America; 2027; Business & Finance,https://www.gartner.com/en/conferences/hub/cybersecurity-conferences,official_site,https://www.gartner.com/en/conferences/hub/cybersecurity-conferences,,"Gartner Security & Risk Management Summit 2027 Brazil, Sao Paulo, Brazil, August 3-4, 2027"
ijcai-27-2027-kyoto,"IJCAI-27, 36th International Joint Conference on Artificial Intelligence",IJCAI-27,"IJCAI-27, 36th International Joint Conference on Artificial Intelligence",,2027,2027-08-07,2027-08-13,day,Kyoto,,Japan,JP,Asia,,in-person,IJCAI,Artificial Intelligence & Machine Learning,artificial intelligence; ijcai-27; 36th; joint; artificial; intelligence,IJCAI-27; IJCAI; Kyoto; Japan; Asia; 2027; Artificial Intelligence & Machine Learning,https://www.ijcai.org/future_conferences,official_site,https://www.ijcai.org/future_conferences,,"IJCAI-27, 36th International Joint Conference on Artificial Intelligence, Kyoto, Japan, August 7-13, 2027"
abs-2027-osaka,"ABS 2027, 13th International Conference on Agricultural and Biological Sciences",ABS,"ABS , 13th International Conference on Agricultural and Biological Sciences",13th,2027,2027-08-17,2027-08-20,day,Osaka,,Japan,JP,Asia,Hannan University,in-person,,Agriculture & Food,biological sciences; 13th; agricultural; biological; sciences,ABS; Osaka; Japan; Asia; 2027; Agriculture & Food,https://www.absconf.org/,official_site,https://www.absconf.org/,,"ABS 2027, 13th International Conference on Agricultural and Biological Sciences, Hannan University, Osaka, Japan, August 17-20, 2027"
mmme-2027-prague,"MMME 2027, 14th International Conference on Mining, Material and Metallurgical Engineering",MMME,"MMME , 14th International Conference on Mining, Material and Metallurgical Engineering",14th,2027,2027-08-17,2027-08-19,day,Prague,,Czechia,CZ,Europe,,in-person,,Mining & Metallurgy,mining; mmme; 14th; material; metallurgical; engineering,MMME; Prague; Czechia; Europe; 2027; Mining & Metallurgy,https://mmmeconference.com/2027/,official_site,https://mmmeconference.com/2027/,,"MMME 2027, 14th International Conference on Mining, Material and Metallurgical Engineering, Prague, Czech Republic, August 17-19, 2027"
acs-fall-national-meeting-exposition-2027-san-diego,ACS Fall 2027 National Meeting & Exposition,,ACS Fall National Meeting & Exposition,,2027,2027-08-22,2027-08-26,day,San Diego,CA,United States,US,North America,,in-person,ACS,Chemistry & Materials,acs; fall; exposition,ACS; San Diego; CA; United States; North America; 2027; Chemistry & Materials,https://www.acs.org/events/acs-meetings/future-meetings.html,official_site,https://www.acs.org/events/acs-meetings/future-meetings.html,,"ACS Fall 2027 National Meeting & Exposition, San Diego, CA, USA, August 22-26, 2027"
com-2027-montreal,"COM 2027, 66th Conference of Metallurgy and Materials",COM,"COM , 66th Conference of Metallurgy and Materials",66th,2027,2027-08-23,2027-08-26,day,Montreal,Quebec,Canada,CA,North America,Hotel Bonaventure,in-person,MetSoc,Mining & Metallurgy,metallurgy; metsoc; 66th; materials,COM; MetSoc; Montreal; Quebec; Canada; North America; 2027; Mining & Metallurgy,https://metsoc.org/events-posts/the-66th-conference-of-metallurgy-and-materials-com-2027/,official_site,https://metsoc.org/events-posts/the-66th-conference-of-metallurgy-and-materials-com-2027/,,"COM 2027, 66th Conference of Metallurgy and Materials, Hotel Bonaventure, Montreal, Quebec, Canada, August 23-26, 2027"
spe-iatmi-asia-pacific-oil-gas-conference-and-exhibition-2027-jakarta,SPE/IATMI Asia Pacific Oil & Gas Conference and Exhibition 2027,,SPE/IATMI Asia Pacific Oil & Gas Conference and Exhibition,,2027,2027-10-19,2027-10-21,day,Jakarta,,Indonesia,ID,Asia,,in-person,SPE,Petroleum & Energy,oil & gas; spe; iatmi; asia; pacific,SPE; Jakarta; Indonesia; Asia; 2027; Petroleum & Energy,https://www.spe-events.org/apogce2027,official_site,https://www.spe-events.org/apogce2027,,"SPE/IATMI Asia Pacific Oil & Gas Conference and Exhibition 2027, Jakarta, Indonesia, 19-21 October 2027"
aiche-annual-meeting-2027-san-diego,2027 AIChE Annual Meeting,,AIChE Annual Meeting,,2027,2027-10-31,2027-11-04,day,San Diego,CA,United States,US,North America,San Diego Convention Center,in-person,AIChE,Chemistry & Materials,aiche,AIChE; San Diego; CA; United States; North America; 2027; Chemistry & Materials,https://www.aiche.org/conferences/aiche-annual-meeting/2027,official_site,https://www.aiche.org/conferences/aiche-annual-meeting/2027,,"2027 AIChE Annual Meeting, San Diego Convention Center, San Diego, CA, USA, October 31 - November 4, 2027"
ashe-2027-albuquerque,ASHE 2027 Annual Conference,ASHE,ASHE Annual Conference,,2027,2027-11-17,2027-11-20,day,Albuquerque,New Mexico,United States,US,North America,Albuquerque Convention Center,in-person,ASHE,,ashe,ASHE; Albuquerque; New Mexico; United States; North America; 2027,https://www.ashe.ws/future-conferences,official_site,https://www.ashe.ws/future-conferences,,"ASHE 2027 Annual Conference, Albuquerque Convention Center, Albuquerque, New Mexico, USA, November 17-20, 2027"
cafn-2027-singapore,"CAFN 2027, 3rd International Congress on Agriculture, Food and Nutrition",CAFN,"CAFN , 3rd International Congress on Agriculture, Food and Nutrition",3rd,2027,2027-12-01,2027-12-03,day,Singapore,,Singapore,SG,Asia,,in-person,,Agriculture & Food,agriculture; cafn; food; nutrition,CAFN; Singapore; Asia; 2027; Agriculture & Food,https://cafn2027.lmsii.org/,official_site,https://cafn2027.lmsii.org/,,"CAFN 2027, 3rd International Congress on Agriculture, Food and Nutrition, Singapore, Singapore, December 1-3, 2027"
agu-fall-meeting-agu27-annual-meeting-2027-washington,AGU Fall Meeting 2027 (AGU27 Annual Meeting),,AGU Fall Meeting (AGU27 Annual Meeting),,2027,2027-12-13,2027-12-17,day,Washington,DC,United States,US,North America,,in-person,AGU,Geosciences & Earth Systems,agu; fall; agu27,AGU; Washington; DC; United States; North America; 2027; Geosciences & Earth Systems,https://igs.org/event/agu27/,official_site,https://igs.org/event/agu27/,,"AGU Fall Meeting 2027 (AGU27 Annual Meeting), Washington, DC, USA, 13-17 December 2027"
icassp-2028-tokyo,"ICASSP 2028, IEEE International Conference on Acoustics, Speech and Signal Processing",ICASSP,"ICASSP , IEEE International Conference on Acoustics, Speech and Signal Processing",,2028,2028-05-28,2028-06-03,day,Tokyo,,Japan,JP,Asia,Tokyo International Forum,in-person,IEEE,,icassp; ieee; acoustics; speech; signal; processing,ICASSP; IEEE; Tokyo; Japan; Asia; 2028,https://2028.ieeeicassp.org/,official_site,https://2028.ieeeicassp.org/,,"ICASSP 2028, IEEE International Conference on Acoustics, Speech and Signal Processing, Tokyo International Forum, Tokyo, Japan, May 28 - June 3, 2028"
ica-2028-bangkok,ICA 2028 International Communication Association Annual Conference,ICA,ICA International Communication Association Annual Conference,,2028,2028-06-15,2028-06-19,day,Bangkok,,Thailand,TH,Asia,Marriott Marquis Queens Park,in-person,International Communication Association,,communication; association,ICA; International Communication Association; Bangkok; Thailand; Asia; 2028,https://piocalendar.com/event/save-the-date-2028-ica-annual-conference/,official_site,https://piocalendar.com/event/save-the-date-2028-ica-annual-conference/,,"ICA 2028 International Communication Association Annual Conference, Marriott Marquis Queens Park, Bangkok, Thailand, June 15-19, 2028"
hosa-2028-houston,HOSA International Leadership Conference 2028,HOSA,HOSA International Leadership Conference,,2028,2028-06-28,2028-07-01,day,Houston,Texas,United States,US,North America,George R. Brown Convention Center,in-person,HOSA,,hosa; leadership,HOSA; Houston; Texas; United States; North America; 2028,https://hosa.org/ilc/,official_site,https://hosa.org/ilc/,,"HOSA International Leadership Conference 2028, George R. Brown Convention Center, Houston, Texas, USA, June 28 - July 1, 2028"
goldschmidt-conference-2028-tokyo,Goldschmidt 2028 Conference,,Goldschmidt Conference,,2028,2028-07-09,2028-07-14,day,Tokyo,,Japan,JP,Asia,Tokyo International Forum,in-person,Geochemical Society,Geosciences & Earth Systems,goldschmidt; geochemical society,Geochemical Society; Tokyo; Japan; Asia; 2028; Geosciences & Earth Systems,https://geochemsoc.org/news/announcing-goldschmidt-2028,official_site,https://geochemsoc.org/news/announcing-goldschmidt-2028,,"Goldschmidt 2028 Conference, Tokyo International Forum, Tokyo, Japan, July 9-14, 2028"
sna-2028-nashville,SNA Annual National Conference 2028,SNA,SNA Annual National Conference,,2028,2028-07-09,2028-07-11,day,Nashville,Tennessee,United States,US,North America,,in-person,School Nutrition Association,,,SNA; School Nutrition Association; Nashville; Tennessee; United States; North America; 2028,https://www.k12conferences.com/conference/sna-annual-national-conference-anc-2028,official_site,https://www.k12conferences.com/conference/sna-annual-national-conference-anc-2028,,"SNA Annual National Conference 2028, Nashville, Tennessee, USA, July 9-11, 2028"
ieee-icra-international-conference-on-robotics-and-automation-2028-gua,IEEE ICRA 2028 International Conference on Robotics and Automation,,IEEE ICRA International Conference on Robotics and Automation,,2028,,,month,Guadalajara,,Mexico,MX,North America,,in-person,IEEE,Robotics & Automation,robotics; automation; ieee; icra,IEEE; Guadalajara; Mexico; North America; 2028; Robotics & Automation,https://www.showsbee.com/fairs/99494-IEEE-ICRA-2028.html,directory_listing,,,"IEEE ICRA 2028 International Conference on Robotics and Automation, Guadalajara, Mexico, May 2028"
