"Conference Name","Dates","Venue","Program/Agenda","Keynote Speakers","Technical/Program Committee","Pricing/Registration","Sponsors/Exhibitors","Website","Regional Safety Note"
"2026 4th International Conference on Power and Renewable Energy Engineering","","","","","Publication Chairs: CHEUNG Chun Ching (City University of Hong Kong). International Technical Committee: Adnan Ibrahim (National University of Malaysia)","","","https://www.pree.net/",""
"2026 9th International Conference on Healthcare Service Management","","","","","Committees: Honorary Chairs; Rotating Chairs Prof. Dr. Sedat Bostan (Süleyman Demirel University); Scientific Advisory Board; Student Essay Competition Award Chairs; Publicity Chair Prof. Dr. Chi-Jie Lu (Fu Jen Catholic University); Res. Ast.Muazzez Yelsiz (Süleyman Demirel University, Turkiye)","","","https://www.ichsm.org/",""
"SPE Asia Pacific Oil & Gas Conference and Exhibition 2026","","","","","","","Origin; 6-featuredimage; SUT; JPT; Petroleum Australia; World Oils; Energy Stream; Tourism and Events Queensland","https://www.spe-events.org/apogce2026",""
"Cell Press Symposia: Biological Function in 3D — Structure, Dynamics, and AI","","","","","Mingjie Zhang (Southern University of Science & Technology, China); Nieng Yan (Shenzhen Medical Academy of Research & Translation (SMART), China); Karin Kühnel; Lara Szewczak; Lei Tang; Wei Wu","","","https://cell-press-symposia.com/3Dbiologicalfunction-2026/index.html",""
"20th Vaccine Congress","","","","","Committee & Speakers: Maria Elena Bottazzi (Baylor College of Medicine, USA); WashU Medicine; ErasmusMC Rotterdam. Committee: Melbourne Children's Campus; HKU Med; National Public Health Organization","","Vaccine opens in new tab/window; Guide for Authors opens in new tab/window; Reviewer Hub opens in new tab/window; Vaccine; Vaccine: X opens in new tab/window; Vaccine: X; Bioknow opens in new tab/window; Bioknow; Square: 1044 x 1044 opens in new tab/window; Leaderboard: 1000 x 130 opens in new tab/window; Lilly.com opens in new tab/window; Lilly; Vismederi; https://idevax.com opens in new tab/window. Media: Bioknow opens in new tab/window; Bioknow; Square: 1044 x 1044 opens in new tab/window; Leaderboard: 1000 x 130 opens in new tab/window. Silver: Lilly.com opens in new tab/window; Lilly; Vismederi; https://idevax.com opens in new tab/window","https://www.elsevier.com/events/conferences/all/vaccine-congress",""
"2026 11th International Conference on Power Electronics Systems and Applications","","","June 10, 2026: Special session proposal submissions: .","Keynote: C. K. Michael Tse (City University of Hong Kong, Hong Kong); Akshay Kumar Rathore (National University of Singapore, Singapore); Hoay Beng GOOI (Nanyang Technological University, Singapore); Kwok Wai Ma Infineon; Sanjib Kumar Panda (National University of Singapore, Singapore); Kerui Li (City University of Hong Kong, Hong Kong); Yang Wu (Nanyang Technological University, Singapore); Shuang Zhao (Hefei University of Technology, China); Zhong Chen (University of Arkansas, USA); Dawei Qiu (Nanyang Technological University, Singapore); Sanjib Kumar Panda (S’86-M’91-SM’01-F’21) received B. Eng. Degree from the South Gujarat University)","","","","https://www.icpesa.net/",""
"RSNA Annual Meeting 2026","","","","","RSNA Committees | Lead. Innovate. Make an Impact.: Time Commitment","","RSNA 2026 logo mark; purchase; innovation; diverse; Impact","https://www.rsna.org/annual-meeting",""
"2026 6th International Joint Conference on Robotics and Artificial Intelligence","","","","Keynote: Tao Zhou; Brief Introduction","General Chairs: General Chairs. General Co-Chairs: General Co-Chairs. Publication Chairs: Publication Chairs. Publicity Chairs: Publicity Chairs. Award Chairs: Award Chairs. Finance Chairs: Finance Chairs. Local Chairs: Local Chairs. Committee 2026: Huiting Zhang (Taiyuan University of Technology); Michail Kalogiannakis (University of Crete); Vali Derhami (Yazd University); Magdi S. Mahmoud (King Fahd University of Petroleum and Minerals Saudi Arabia); Amr Goneid (The American University in Cairo); Giuseppe Carbone (University of Cassino and South Latium); Jonah Lissner (Israel Institute of Technology); Vincenzo Piuri (Università degli Studi di Milano); Lucian Vintan (Lucian Blaga University of Sibiu); Antonis Vardulakis (Aristotle University of Thessaloniki); Mariofanna Milanova (University of Arkansas); Pavlo Maruschak (Ternopil Ivan Puluj National Technical University); Tarek M. Sobh (Lawrence Technological University); Panagiotis Vlamos (Ionian University); Lounis Adouane (Université de Technologie de Compiègne / Heudiasyc); Gabriel Gomes de Oliveira (Universidade Estadual de Campinas); Costantin Volosencu (Politehnica University of Timisoara); D. T. Pham (University of Birmingham Great Britain); Albert M. K. Cheng (University of Houston); Zlatinka Kovacheva (Bulgarian Academy of Sciences); Stefano Mariani; Jee Hou Ho (University of Nottingham Malaysia); Igor Kotenko (St.Petersburg Institute for Informatics and Automation of the Russian Academy of Sciences); Jonghwa Kim (Cheju Halla University); Milena Krumova (European Institute for Technologies); KAMBAYASHI Yasushi (Nippon Institute of Technology); Ioan Sacala (University Politehnica of Bucharest); Sophia C. Alih (Universiti Teknologi Malaysia); Piotr Gierlakq (Rzeszow University of Technology); Zhiyu Jiang (Northwestern Polytechnical University); Khalid Saeed Lateef Al-Badri (Sulyman Demiral University); Ramiz Aliguliyev (Azerbaijan National Academy of Sciences); Paulo Moura Oliveira (University of Tr&aacute;s-os-Montes and Alto Douro); Juan Manuel Corchado (University of Salamanca); Mokhtar Benasla (University of Sidi-Bel-Abbes); Malka N. Halgamuge (The University of Melbourne); Mohand Djeziri (Aix-Marseille University); Apostolos Gkamas (Patras University); Joydev Ghosh (Tomsk Polytechnic University); Ho Duc Tho (Toyohashi University of Technology); Carlos Guardiola (Universitat Politecnica de Valencia); AOUED HOUARI (UHBC University); Loris Roveda; Karim Negadi (University of Tiaret); Mirjalily Ghasem (Department of Electrical Engineering); Huaming Wu (Center for Applied Mathematics Tianjin University); Vu Van Phong (National Central University); Abdel-Nasser Sharkawy Ahmed Mahmoud (South Valley University); Mohsen Bahreini (Shiraz University of Technology); Ali-Akbar Ahmadi (Kharazmi University); Alexey M. Kashevnik (Petrozavodsk State University); Akif Durdu (Konya Technical University); Tangwei Ye (DeepBlue Academy of Sciences); Zhiyong Dai (DeepBlue Academy of Sciences); Seyedshams Feyzabadi (University of California); Yazen Hudhaifa Shakir Alnema (Ninevah University); Masashi Sugimoto (Tokyo University of Agriculture)","","","https://www.jcrai.org/",""
"2026 9th International Conference on Environment and Ocean Engineering","","","Friday, November 27. 10:00-17:00: Sign-in and Conference materials collections. 15:00-17:00: Committee&Excutive meeting. Saturday, November 28. 09:30-09:40: Opening Ceremony. 09:40-10:20: Keynote Speech 1. 10:20-10:40: Group photo and Coffee Break. 10:40-11:20: Keynote Speech 2. 11:20-12:00: Keynote Speech 3. 12:00-13:30: Lunch. 13:30-15:30: Technical Session 1 and 2. 15:30-15:40: Coffee Break. 15:40-17:40: Technical Session 3 and 4. 17:40-18:00: Dinner Banquet and Award Ceremony. Sunday, November 29. 09:00-16:00: Academic Visit organized by UTH. November. : The final conference agenda with detailed time for each presentation will be available around early The timetable below is just for your reference. Please finish your registration in advance for your presence. Kindly noted that the conferen","Keynote: Jun-Ho Huh (National Korea Maritime and Ocean University, Republic of Korea)","Organizing Committee: Xuan-Phuong Nguyen (Rector of University of Transport HCMC); Xuan-Kien Dang (University of Transport HCMC); Tien-Thuy Nguyen (Vice President of University of Transport HCMC); Baoming Han (Beijing Jiao Tong University); Zarko Koboevic (University of Dubrovnik); Viet-Dung Do (Mechanical Institute); Thanh-Binh Nguyen (University of Transport HCMC)","","","https://www.iceoe.org/",""
"Food Structure & Functionality Symposium","","","","","Organizers: Food Structure; Alejandra Acevedo-Fani (Riddet Institute); Isaac Heertje Distinguished Scientist Award; Anne-Marie Hermansson (Chalmers University of Technology); Jose M. Aguilera (The Pontifical Catholic University of Chile, Chile); Alan Mackie (University of Leeds, UK); Milos Kalab; Nissim Garti (The Hebrew University of Jerusalem, Israel); Isaac Heertje; Marta Martínez (Institute of Food Science Research (CIAL), Spain); Fabio Valoppi (University of Helsinki, Finland); Tara Grauwet (Centre of Food and Microbial Technology, Laboratory of Food Technology (LFT), KU Leuven, Belgium.); Andrew Gravelle (University of Guelph, Canada); Quinten Masijn (Thermal aggregation of potato protein in food systems); Lennaert Sanders (Ghent University); Tiago C. Pinto (University of Helsinki Department of Food and Nutrition); Konstantinos Korompokis; Irene Wainaina; Daniela Freitas (Teagasc Food Research Centre); Isabel Kalinke (Technical University of Munich); Talita Comunian; Akane Matsumoto (Hiroshima University); Ram Raj Panthi (University College Cork); Martina Klost (Technische Universität Berlin); L.C. Sow (National University of Singapore, Singapore); Annelien Rigolle (Teagasc Moorepark Food Research Center, Co. Cork, Ireland). Committee & Speakers: Ulf Andersen (Wageningen University & Research)","","LS Instruments","https://www.elsevier.com/events/conferences/all/food-structure-and-functionality-forum-symposium",""
"2nd Global Cleaner Production Conference","","","","Keynote: European Commission (Joint Research Centre); Silvia Álvarez Torrellas (Universidad Complutense de Madrid); Ana Arias Calvo (Imperial College)","Committee & speakers: Weiqiang Chen (Institute of Urban Environment, Chinese Academy of Sciences, China); Silvia Álvarez Torrellas (Universidad Complutense de Madrid); Ana Arias Calvo (Imperial College)","","CRETUS","https://www.elsevier.com/events/conferences/all/global-cleaner-production-conference",""
"2026 6th International Conference on Artificial Intelligence and Application Technologies","","","Monday 10:00 - 18:00: to Friday","","Organizing Committee: Genci Capi (Hosei University); Simon X. Yang (University of Guelph); Chinthaka Premachandra (Shibaura Institute of Technology); Kenji Suzuki (Tokyo Institute of Technology); Yau-Zen Chang (Chang Gung University); Cheng Siong LEE (Monash University); Hidetoshi Ikeda (Niigata Institute of Technology); Tianyi Wang (Yokohama National University); Subhas Mukhopadhyay (Macquarie University); Juntao Fei (Hohai University); Huiyuan Shi (Liaoning Petrochemical University); Wen-Jer Chang (National Taiwan Ocean University); Abdel-Badeeh M. Salem (Ain Shams University); Alex Mathews (Bethany College); Beligiannnis Grigorios (University of Patras); Dipak Kumar Jana (Haldia Institute of Technology); Edwin Setiawan Nugraha (President University); Hazel F. Anuncio (Eulogio ""Amang"" Rodriguez Institute of Science and Technology); Khairul Azha A Aziz (Universiti Teknikal Malaysia Melaka); Kunta Hsieh (Fuzhou University of International Studies and Trade); MINERVA C. ZOLETA (Eulogio “Amang” Rodriguez Institute of Science and Technology Manila); MOHAMMAD 'AFIF BIN KASNO (Universiti Teknikal Malaysia Melaka); Mohd Ashraf Ahmad (University Malaysia Pahang); Nathaphon Boonnam (Prince of Songkla University); Nino Dalida Naldoza (Philippine Normal University); Pham Hai Yen (Vietnam National University); Qingzheng Xu (Information Support Force Engineering University); R. Kanesaraj Ramasamy (Multimedia University); Rajneesh Sharma (Netaji Subhas University of Technology New Delhi); Rana Mukherji (The ICFAI University Jaipur); Ren-Jye Dzeng (National Chiao-Tung University); Shih-Cheng Horng (Chaoyang University of Technology); Takahiro Koita (Doshisha University); Vaitheeswaran Vembarasan (Shiv Nadar University Chennai); Victoria A. Sablina (Ryazan State Radio Engineering University); Wanyok Atisattapong (Thammasat University); Zati Hakim Azizul Hasan (University of Malaya)","","","https://www.aiat.org/",""
"2027 19th International Conference on Computer Research and Development","","","Technical Supporters","","","","","https://www.iccrd.org/",""
"2027 International Conference on Architecture and Environmental Research","","","","Keynote: Miwako Hosoda (Professor of Seisa University); Yi Huang (doctoral supervisor at Chengdu University of Technology)","Committee: Kokyo Oh (Center for Environmental Science in Saitama); Ngai Weng Chan (Universiti Sains Malaysia); Satoshi Soda (Ritsumeikan University); Hikari Shimadera (Osaka University); Shinano Hayashi (Tokoha University)","","","https://www.icaer.org/",""
"2027 15th International Conference on Nano and Materials Science","","","January 20, 2027. 10:00 A.M-12:00 P.M 14:00 P.M-17:00 P.M: Participants Registration and Conference Kits Collection. January 21, 2027. 09:00 A.M.- 12:00 P.M.: Opening Address & Keynote Speeches & Invited Speeches. 12:00 P.M.- 13:30 P.M.: Lunch. 13:30 P.M.- 18:00 P.M.: Oral & Poster Sessions. 18:00A.M.- 19:30 P.M.: Dinner. January 22, 2027. 09:00 A.M.-16:00 P.M.: Oral Sessions. January 23, 2027. 08:00 A.M.-18:00 P.M.: Technical Visit (Optional). December 2025: Kindly note the current schedule is just for reference, final schedule might be different. Detailed schedule file will be available for download in late .","","Honorary Chairs: Ramesh K. Agarwal (Washington University in St. Louis). Conference Chair: Kwang Leong Choy (Duke Kunshan University). Local Chair: Joon Ching Juan (University of Malaya). Program Committee Chairs: Antonio Di Bartolomeo (Salerno University). Regional Chairs: Xu Chen (University of Washington). Publicity Committee: Arghya Narayan Banerjee (Yeungnam University). International Technical Committees: Abbad Al Baroot (Imam Abdurahman Bin Faisal University)","","","https://www.icnms.org/",""
"2027 13th International Conference on Computing and Data Engineering","","","","","Committees: Hai Jin (Huazhong University of Science and Technology); Peter Haddawy (Mahidol University); Luca de Alfaro (University of California); Bruno Carpentieri (University of Salerno); David Billard (University of Applied Sciences in Geneva); Uwe Serdult (Ritsumeikan University); Tony Lindgren (Stockholm University); Suppawong Tuarob (Mahidol University); Shu-Chen Kao (Kun Shan University); Kietikul Jearanaitanakij (King Mongkut’s Institute of Technology); Huiyu Zhou (University of Leicester); Congduan Li (Sun Yat-sen University); Mohammad Tariqul Islam (Universiti Kebangsaan Malaysia); Gabriel Gomes (State University of Campinas); Yu-ning Dong (Nanjing University of Posts and Telecommunications); Chen-Huei Chou (College of Charleston); Zhuhua Hu (Hainan University); Lei Chen (Shandong University); Gemma Guerrero Acedo (Catanduanes State University); Ju Wook Jang (Sogang University); Monica Mo Xiao (Xihua University); Chei-Chang Chiou (National Changhua University of Education); Yu Lei (Anhui University of Chinese Medicine); Yew Kee Wong (Hong Kong Chu Hai College); Herminino Cuyo Lagunzad (National University-Fairview); Dina ElMenshawy (Cairo University); Chavis Srichan (Khon Kaen University); Rosemarie Tubise Bigueras (Camarines Norte State College); Josefa Angelie D. Revilla (University of the Philippines Los Banos); Ramanan K (Amrita College of Engineering and Technology); Salem Saleh Alkhalaf (King Saud University); Jyh-Cheng Jeng (National Taipei University of Technology); Phyo Thandar Thant (Hokkaido University); Shenghan Zhou (Beihang University); Zongmin Ma (Nanjing University of Aeronautics and Astronautics); Shehroz S Khan (University of Toronto); Thidawan Klaysri; Tao Fang (Shanghai Jiao Tong University); Lan Yang (California State Polytechnic University); Ching-Mu Chen (National Penghu Univerdity of Technology); Shekhar R (Alliance University); Yali Gao (Beijing University of Posts and Telecommunications); Qiushi Bai (University of California); Siva Raja P M (Amrita College of Engineering and Technology); Mohammad Bilal Shaikh; Wei Ren (China University of Geosciences); Xukang Wang (Fudan University); Hong Huoo (Shanghai Jiao Tong University); Angelo C. Ani (University of the Philippines Los Baños); Keng-Sheng Ting (Minth University of Science and Technology); Ping Zhu (Beijing Broad Network & Information Company Limited); Adrian Kampa (Silesian University of Technology); Phien Nguyen Ngoc (Ton Duc Thang University)","","","https://iccde.org/",""
"2027 10th International Conference on Computers in Management and Business","","","Thursday | 18 February, 2027. 13:30-17:30: Sign-in and Conference Kit Collection. Friday | 19 February, 2027 9:00-9:10 Opening Remark 9:10-9:55 Keynote Speaker I 9:55-10:20 Group Photo & Coffee Break 10:20-11:05 Keynote Speaker II 11:05-11:50 Keynote Speaker III 11:50-13:30 Lunch 13:30-15:15 Session 1 Service Based Application Design and System Evaluation: Session 1 Service Based Application Design and System Evaluation. 9:00-9:10: Opening Remark. 9:10-9:55: Keynote Speaker I. 9:55-10:20: Group Photo & Coffee Break. 10:20-11:05: Keynote Speaker II. 11:05-11:50: Keynote Speaker III. 11:50-13:30: Lunch. 13:30-15:15: Session 1 Service Based Application Design and System Evaluation. 13:30-15:00: Session 2 User Oriented Intelligent Program Design and Platform Construction. 13:30-15:00: Session 3 Machine Learning Models and Computational Methods in Ecommerce. 15:00-15:30: Coffee Break. 15:30-17:15: Session 4 Modern Supply Chain Systems and Management. 15:30-17:15: Session 5 Enterprise Digital Transformation and Development. 15:15-16:45: Session 6 Advanced Intelligent Information Technology and Applications. 18:00-20:00: Dinner Banquet. Saturday | 20 February, 2027. 10:00-11:30: Session 7 Information Management and Service Platform Based on Machine Learning Models. 13:30-15:00: Session 8 Software and Program Design","Keynote: Coming Soon...; RTL Version; LTR Version","Conference Committees: RTL Version; LTR Version","","","https://www.iccmb.org/",""
"2027 International Conference on Robotics and Intelligent Control","","","September 20, 2026: Important Dates Submission of Special Session Proposals: Notification of Proposals: September 25, 2026 Submission of Full Papers: November 5, 2026 Notification of Review Result of Papers from Special Sessions: December 5, 2026","","Conference Committees: Ruiz Palacios Fredy Orlando (Beihang University); Kai Cheng (Brunel University); Publication Chairs; Jinhua She (Tokyo University of Technology); Publicity Chairs; Mingyang Xie (Nanjing University of Aeronautics and Astronautics); Peng Mei (AGH University of Krakow); Bhagath Singh Jayaprakasam (Cognizant Technology Solutions)","","","https://www.icric.org/",""
"2027 International Conference on Building Materials and Construction","","","November 15, 2026: Please send your proposal to icbmc@cbees.net . Special session is open for proposal before .","","","","","https://icbmc.org/",""
"2027 19th International Conference on Machine Learning and Computing","","","February 26: ICMLC 2027 will be held in Shenzhen, China on -March 01, 2027. The ICMLC 2027 organizing committees invite you to submit the papers to special session. Each special session will be arranged for around 2 hours on Feb. 27 or 28's afternoon. N","Keynote: Lei Xu (大学人工智能研究院首席科学家 Shanghai Jiao Tong University); Haizhou Li (lSCA Fellow The Chinese University of Hong Kong); Derong Liu (INNS and IAPR Southern University of Science and Technology); Hui Xiong (熊辉教授 Fellow of AAAS and IEEE ACM杰出科学家 Hong Kong University of Science and Technology); Hai Jin (长江学者 Huazhong University of Science and Technology); Dapeng Wu (吴大鹏教授 IEEE Fellow City University of Hong Kong); Zhijun Li (李智军教授 Fellow of IEEE and AAIA University of Science and Technology of China); Nikola Kasabov; Shyi-Ming Chen (IFSA National Taiwan University of Science and Technology); Alex X. Liu; Massimo Tornatore; Chengzhong Xu (国家科技部重点研发计划首席科学家 University of Macau); Witold Pedrycz; Ponnuthurai Nagaratnam Suganthan; Assaf Schuster; Yuhui Shi (史玉回教授 IEEE Fellow Southern University of Science and Technology); Shuanghua Yang (IEEE Senior Member University of Reading); Xiaolin Huang (黄晓霖教授 IEEE Senior Member Shanghai Jiao Tong University); Bo Qiu (徐波教授 University of Science and Technology Beijing); Jingjing Li (李晶晶教授 University of Electronic Science and Technology of China); David Greenhalgh; Hong Zhang (张红教授 Griffith University); Yiwen Wang (王怡雯教授 Hong Kong University of Science and Technology)","Topic: Machine Learning for Biomedical and Healthcare Applications Organizers |: Xiucai Ye. Organizing Committees: Lei Xu (Shanghai Jiao Tong University); Xiaoping Zhang (Tsinghua University); David Greenhalgh (University of Strathclyde); Liying Zheng (Harbin Engineering University); Tom Ko (Shenzhen Loop Area Institute); Shuai Zhao (Sun Yat-sen University); Siqi Cai (Shenzhen Loop Area Institute); Akinori Ito (Tohoku University); Cheng Siong Lee (Monash University)","","","https://www.icmlc.org/",""
"2027 International Conference on Materials and Functional Manufacturing","","","March 3-4, 2027 (WED-THU). Technical Program Academic Visit & Excursion Trip will be organized successfully only if more than 10 people register, if you are interested, please register before February 15, 2027 for reservation.","Keynote: Nguyen Quang Liem; Arunachalam Rajendran; Zongjin Li; Ildoo Chung","Join the Committees: Nguyen Quang Liem; Arunachalam Rajendran; Zongjin Li; Ildoo Chung. Committee: Tran Nhat Tan (Vice Provost of Duy Tan University); Nguyen Quang Liem (Institute Materials Sciences); Tu Le Manh (Phenikaa University); Dao Anh Quang (Vice Dean of Faculty of Environment and Natural Sciences); Nguyen Doan Quoc Anh (Ton Duc Thang University); Sung Ho Yang (Korea National University of Education)","","","https://www.icmfm.org/",""
"2027 13th International Conference on Mechatronics and Robotics Engineering","","","","Keynote: Johannes Reuter HTWG Konstanz (University of Applied Sciences); Speech Title","","","","https://www.icmre.org/",""
"14th Global Conference & Expo on Materials Science and Engineering","","","","Plenary: Mukesh Jewariya","","","Media: Conference2Go; Townscript; EventsGet; Iconf; Industry Events; Academic World Research; Evvnt","https://inovscitechconferences.com/2027/paris/matscieng/",""
"World Cargo Symposium 2027","","","24 September : Events All Conferences Annual General Meeting Webinars Cargo Experts Conference (CEC) Join us in Budapest, Hungary on 23- at the IATA Cargo Experts Conference (CEC), a specialized platform dedicated to air cargo operations.. 8 June 2026: Pressroom Press Releases & Speeches Opinions AGM Media Kit Sign up for Press Updates Annual General Meeting Media Kit Find all press materials from IATA's Annual General Meeting and World Air Transport Summit that took place in Rio de Janei","","","","Gold: CHAMP; Airbus. atc-tiered-levels.jpg; cbta.jpg","https://www.iata.org/en/events/all/world-cargo-symposium",""
"2027 11th International Conference on Biomedical Engineering and Applications","","","Tracks: Track 1: Micro- and Nano-Scale Systems for Biomedical Applications; Track 2: Biomechanics and Rehabilitation Engineering for Prosthetics and Assisti. may : Regular Paper: 4-5 pages including all figures, tables, and references. Purchasinng Extra Pages: Extra pages be purchased at 50USD per extra page.. May. 09, 2026: Submission Opening Date. Oct. 20, 2026: Submission Deadline. Nov. 10, 2026: Notification Date. Nov. 30, 2026: Registration Deadline. Mar. 26: Conference Dates: -29, 2027. September 11, 2026: News! ICBEA 2027 papers will be published in ICBEA 2027 Conference Proceedings, which will be submitted to IEEE Xplore, and submitted to be indexed by Ei Compendex and Scopus. ( Click ). August 20, 2026: News! The proceedings of ICBEA 2026 have been published in IEEE CPS conference proceedings (ISBN-13: 978-1-971299-09-9) and archived in IEEE Computer Society Digital Library. ( Click ). May 09, 2026: News! ICBEA 2027 is confirmed to be held in Xi'an, China during Mar. 26-29, 2026. ( Click ). March 29, 2026: News! ICBEA 2026 was held in a hybrid mode of online and onsite during Feb. 27-Mar. 02, 2025 in Kitakyushu, Japan. ( Click ). September 11, 2025: News! Prof. Hyo-Il Jung and Prof. TSUI Kwok-Wing Stephen will attend the conference to deliver keynote talk. ( Click ). June 02, 2025: News! The accepted and registered papers have been published in IEEE CPS conference proceedings (ISBN: 979-8-3315-3571-1) , indexed by EI Compendex and Scopus . ( Click ). May 06, 2025: News! Official website of ICBEA 2026 is onlined and paper submission is opene d. ( Click ). March 01, 2025: News! ICBEA 2025 was held in a hybrid mode of online and onsite during Feb. 27-Mar. 02, 2025 in Seoul, South Korea . ( Click ). September 25, 2024: News! Prof. Ki Chon (Fellow of IEEE, NAI, IAMBE, AIMBE) from University of Connecticut will attend ICBEA 2025 and deliver a Keynote Speech. ( Click ). June 25, 2024: News! Official website of ICBEA 2025 is onlined and paper submission is opene d. ( Click ). February 28, 2024: News! ICBEA 2024 conference schedule is updated. ( Click ). November 17, 2023: News! Chair Prof. Yu Huang will deliver a Keynote Talk in ICBEA 2024 . ( Click ). September 20, 2023: News ! ICBEA 2023 papers have been published in CPS Conference Proceedings and archived in IEEE Xplore. ( Click )","Keynote: Hyo-Il Jung; TSUI Kwok-Wing Stephen","CONFERENCE COMMITTEE: Honorary Chair; Mohamad Sawan (Westlake University); General Chairs; Tohru Kamiya (Kyushu Institute of Technology); Jun Ohta (Nara Institute of Science and Technology); Tuan D. Pham (Queen Mary University of London); Jae Kyu Lee (Xi an Jiaotong University); Samuel Gan (Wenzhou-Kean University); Pedro Furtado (University of Coimbra); Hiroyuki Kudo (Meiji University); Publication Chair Wenwen Huang (Zhejiang University); Publicity Chair Lijun Yang (Shanxi Medical University); Finance Chair Ming Gong (Shanxi Medical University); Wenwu Wang (University of Surrey); Da-Chuan Cheng (China Medical University); Hongxin Zhang (Beijing University of Posts and Telecommunications); Asst. Prof. Juexiao Zhou (Chinese University of Hong Kong); Wei Lan (Guangxi University)","","","https://www.icbea.org/",""
"2027 11th International Conference on Robotics, Control and Automation","","","","Keynote: Mingcong Deng (Tokyo University of Agriculture and Technology, Japan); Abderazek Ben Abdallah (University of Aizu, Japan); Lu LIU (City University of Hong Kong, hong Kong, China)","Conference Committee: Jianbin Qiu (Harbin Institute of Technology); Makoto IWASAKI (Nagoya Institute of Technology); Mingcong Deng (Tokyo University of Agriculture and Technology); Abderazek Ben Abdallah (The University of Aizu); Chun-Yi Su (Concordia University); Keitaro Naruse (The University of Aizu); Anthony Tzes (New York University Abu Dhabi); Liangjing Yang (Zhejiang University); Weiwei Wan (Osaka University); Hesuan Hu (Xidian University); Lu Liu (City University of Hong Kong); Radu-Emil Precup (Universitatea Politehnica Timisoara); Yu-Sheng Lu (National Taiwan University); Dan Zhang (Zhejiang University of Technology); Lau Tat Ming Darwin (The Chinese University of Hong Kong); Zi-Peng Wang (Beijing University of Technology); Dinh Tuan Tran (Shiga University); Haifeng Ma (Shandong University); Sichen Tao (Tohoku University); Abhik Singla (University of Massachusetts)","","","https://www.icrca.org/",""
"Dubai International Conference on Teaching, Education & Learning","","","","Keynote: Rea Raus; Raj Mestry; Shahira El Alfy; Luke Carson; Kasereka Sivalikwiha Matsundo; Ömer Solak; Alvin B. Punongbayan; Hima Parameswaran; Aljemedin S. Jaudinez; Ross Burkhart; Hii Puong Koh; Maria Teresa Matriano Assistant Professor (Middle East College); Froilan D. Mobo; John Joseph D. Zarate; Sandrina Diniz Fernandes Milhano; Lourdes Atiaja; Vitor Tomé; Ana Verde Trabada; Hilda H. Aseoche; Lajarca St. Junction; Mario Pace. B.Ed; Lynne M. Celli; Jose Elmer S. Oficiar; Tagum City; Haleema Sadia; Director Edufaminternational; Chairperson SAET; Lawrence Meda; Bashar Malkawi; Nuria Recuero Virto; Dom Thompson; Somayeh Ahangaran; Wijaya Heru Santosa; Steven C. Koehn; General Manager (University of Indianapolis television station); Cell Dilon; Ana Sofia Saldanha; Christine Condaris; Mladen Milicevic; Beata Mirecka Jakubowska; Diena Noviarini; Joanne Blannin; Lee Saw Im; Senior Chemistry Teacher; Sanjay Gupta; Associate Dean (Langdale College of Business); Jari Martikainen; Junior Researcher (University of Eastern Finland); Abdel Rahman Mitib Altakhaineh; Peter Shephard; Noor Hanim Rahmat; Ma. Victoria Castillo Magayon; János Kollár; Assistant Professor Dr Patama Satawedin; Henrique Teixeira Gil; Senior Lecturer (Polytechnic Institute of Castelo Branco); H M Belal Senior Lecturer (Liverpool Business School); Witold Matulewicz; Henjie A. Carmelotes; Saravanan Sugumaran; Meiyanti Widyaningrum; Holger Nord; Area Manager (Victorian School of Languages); Liudmyla Gryzun; Vasiliki Kakosimou; Juana Mª Ortega-Tudela; Julia Milner; Academic Director Global MBA; Boontip Siritarungsri; Namita Panicker; Learning And Development; Sandra Rahman; Aseel Zibin; Mahboob Sooltan Sohawon; Arshad I Ashraf; Mahend Gungapersad; Kanlaya Daraha; Chen Wenli (National Institute of Education); Thanapauge Chamaratana; Kumar Laxman; Subrata Chattopadhyay (RWTH Aachen University); Navid Mollaee (University Lecturer Management Consultant); Iman Farshchi (Head of School); P. Sujatha (Department of English at Kongu Nadu Arts and Science College); Gnanaprakasam Chinnappan (School of Accounting and Finance); Agila Govindarajan (KTG Education Group); Varijakshi Prabhakaran (Northern Lakes College); Abdul Kayoom.V (Department of English); MD. Shamim Hossain; Hiroshi Hasegawa (School of Education); Manoj Sahni (Department of Mathematics and Computer Science Pandit Deendayal Petroleum University); Mohd Nazri Bin Latiff Azmi (Faculty of Languages and Communication); Sampath Emani; Nirmaljit K Rathee; Acting Director (Education Department); N B Jubani (Professor of Education and Dean Faculty of Social Sciences)","","","","https://teacherforum.org/dubai-ictel-16-17-feb-2027",""
"2027 18th International Conference on E-Education, E-Business, E-Management and E-Learning","","","LaTeX Template (Full Paper). October 20, 2026: Special Sessions Proposal Submission: Submission of Papers of Special Sessions: November 20, 2026","","Organizing Committee: Publicity Chairs (Mitsunori Hirogaki, Kyushu University, Japan)","","","https://www.ic4e.net/",""
"2027 International Conference on Green Civil Engineering","","","March 26 14:00-17:00: Tutorial March 27 09:00~12:00: Opening Remarks & Keynote Speeches 13:00~18:00: Participants' Oral & Poster Sessions March 28 09:00~12:00: Invited Speeches 13:00~18:00: Participants' Oral & Poster Sessions March 29 09:30~17:00: One Day Trip","","Join Committee: Final Paper. Conference Committee: Hyo Choi (Gangneung-Wonju National University); Akira Kondo (Osaka University); Young-Cheol Chang (Muroran Institute of Technology); Abbas Taheri (Queen's University); Worapong Lohpaisankrit (Khon Kaen University); Shieh-Kung Huang (National Chung-Hsing University); Nguyen Ba Phu (Industrial University of Ho Chi Minh City); Suman Kumari (RRSD College of Engineering); Lan Lin (Concordia University); Yen-Yu Yang (Feng Chia University)","","","https://www.icgce.org/",""
"7th International Brain Stimulation Conference","","","","Keynote: Brain Stimulation; Int. Brain Stim Award","","","Brain Stimulation; PowerPoint Holding Slide opens in new tab/window; Square: 1044 x 1044 opens in new tab/window; Leaderboard: 700 x 100 opens in new tab/window; Landscape: 1200 x 6300 opens in new tab/window; I'm attending opens in new tab/window; I'm presenting at opens in new tab/window; Brain Box; LivaNova; MagVenture; Magstim EGI; Sigmastim; Soterix; STORZ MEDICAL; Vielight; Cortisys; Re5 develops; Axilum; CED; DEYMED; EPED; Neurocare; Neuroen; Neurophet; NeuroThera; Rogue; Vishee; YINGCHI; Sunday, 21 Feb 2027 10:00 a.m.–5:00 p.m.; Soterix Medical; Sunday, 21 Feb 2027 2:00–5:00 p.m.; BRAINBOX; Monday, 22 Feb 2027 7:30–8:30 a.m.; Tuesday, 23 Feb 2027 7:30–8:30 a.m.; Magstim; TBC; Wednesday, 24 Feb 2027 7:30–8:30 a.m.; ZMT. Platinum: Brain Box; LivaNova; MagVenture; Magstim EGI; Sigmastim; Soterix; STORZ MEDICAL; Vielight; Cortisys; Re5 develops; Axilum; CED; DEYMED; EPED; Neurocare; Neuroen; Neurophet; NeuroThera; Rogue; Vishee; YINGCHI; Sunday, 21 Feb 2027 10:00 a.m.–5:00 p.m.; Soterix Medical; Sunday, 21 Feb 2027 2:00–5:00 p.m.; BRAINBOX; Monday, 22 Feb 2027 7:30–8:30 a.m.; Tuesday, 23 Feb 2027 7:30–8:30 a.m.; Magstim; TBC; Wednesday, 24 Feb 2027 7:30–8:30 a.m.; ZMT","https://www.elsevier.com/events/conferences/all/international-brain-stimulation-conference",""
"2027 11th International Conference on Materials Engineering and Nano Sciences","","","2025 Book Cover. 2022 Book Cover. 2019 Book Cover","","","","","https://icmens.org/",""
"2027 International Conference on Mechanical Engineering and Materials","","","","","Committees: Osamu Tabata (Kyoto University of Advanced Science); Akihiko Fujiwara (Kwansei Gakuin University); Jun'ichiro MIZUKI (Kwansei Gakuin University); Andreas Pitsilides (University of Cyprus); Sakhob Khumkoa (Suranaree University of Technology); Jia-Yi Yeh (Chung Hwa University of Medical Technology); Mohanad Alabdullah (Deakin University); Amir Navidfa (Istanbul Technical University)","","","https://www.icmem.org/",""
"2027 11th International Conference on Civil Engineering","","","","","Committee: Chian Siau Chen (National University of Singapore); Joseph Kim (California State University Long Beach); Wu Wei (Nanyang Technological University); Prashant Kumar (University of Surrey); Kim Yongmin (University of Glasgow); Eric Strauss (Michigan State University); Yufeng Sun (Chang’an University)","","","https://www.icoce.org/",""
"2027 8th Asia Conference on Renewable Energy and Environmental Engineering","","","","","Committees: Chian Siau Chen (National University of Singapore); Joseph Kim (California State University Long Beach); Wu Wei (Nanyang Technological University); Prashant Kumar (University of Surrey); Kim Yongmin (University of Glasgow); Kwun Nam HUI (University of Macau); Qipeng Zhao (Tongji University)","","","https://www.areee.org/",""
"5th International Conference on Bioresource Technology for Bioenergy, Bioproducts & Environmental Sustainability","","","","Plenary: Hélène Carrère; S. Venkata Mohan","Welcome statement from the Conference Chairs: S. Venkata Mohan. Committee & Speakers: Irini Angelidaki (Technical University of Denmark, Denmark); Hélène Carrère (National Research Institute for Agriculture); S. Venkata Mohan. Scientific Committee: Surendra K.C. (The Hong Kong University of Science and Technology); Samir Khanal (The Hong Kong University of Science and Technology); Konrad Koch (Technical University of Munich); Yi Wang (University of California Davis)","","Elsevier; Bioresource Technology opens in new tab/window; Bioresource Technology; Bioresource Technology Reports opens in new tab/window; Bioresource Technology Reports; Biomass & Bioenergy opens in new tab/window; NS Instruments","https://www.elsevier.com/events/conferences/all/international-conference-on-bioresource-technology-for-bioenergy-bioproducts-and-environmental-sustainability",""
"2027 11th International Conference on Energy Economics and Energy Policy","","","Day 1, April 9, 2027. 10:00 am--5:00 pm: Conference Check In and Materials Collection. Day 2, April 10, 2027. 9:00 am--9:10 am: Opening Remarks by Conference Chair. 9:10 am--9:50 am: Keynote Speech. 9:50 am--10:30 am: Keynote Speech. 10:30 am--10:50 am: Coffee Break & Group Photo. 10:50 am--11:30 am: Keynote Speech. 11:30 am--12:10 pm: Keynote Speech. 12:10 pm--13:30 pm: Lunch and Break Time. 13:30 pm-18:00 pm: 4 Parallel Sessions for Oral/Poster Presentations and coffee break. Day 3, April 11, 2027. 9:00 am--6:00 pm: One day tour in Porto for onsite attendees (But participants need to make the registration by email before March 10, 2027). 9:30 am--5:30 pm: Online Parallel Sessions. March, 2027: 2027 Technical program will be available in early of , Here enclose brief agenda below for your reference.. April 9: 11, 2027","Keynote: Ghanim Putrus (Northumbria University); Belkacem Ouldbouamama (University of Lille)","ICEEEP Organizing Committees: Publicity Chair. ICEEEP Technical Program Committees: Mina Mortazavi (University of Bedfordshire)","","","https://www.iceeep.com/",""
"2027 12th International Conference on Advances on Clean Energy Research","","","","Keynote: Ghanim Putrus (Northumbria University); Belkacem Ouldbouamama (University of Lille); Helena Nadais (University of Aveiro); Hugo Morais (University of Lisbon); Manuscript Guidelines; Rachel Cao","Conference Committee: Zita Vale (School of Engineering); João Soares (School of Engineering); Jesus De La Casa Hernandez (Jaen University); Tiago Pinto (University of Tras-os-Montes e Alto Douro); Guoqiang Zhang (Harbin Institute of Technology); Hing Yan Tong (Aston University); Mina Mortazavi (University of Bedfordshire); Manuscript Guidelines; Rachel Cao","","","https://www.icacer.com/",""
"2027 9th International Conference on Computer Science and Technologies in Education","","","January 30, 2027: Submission deadline","","Honorary Chair Sannyuya Liu (Central China Normal University)","","","https://www.cste.net/",""
"2027 14th International Conference on Electrical and Electronics Engineering","","","March, 2027: This simple schedule is just for reference. The full-length detailed conference program will be provided around late .. April 16: 18, 2027 Ankara, Turkey","Keynote: Speech Title","Organizing Committee: Honorary Chair (Prof. Dr. Uğur Ünal, Gazi University, Rector, Turkey). International Advisory Committees: Publication Chairs; Publicity Co-chairs; Regional Chairs","","","https://www.iceee.org/",""
"2027 IEEE 3rd International Conference on Power and Integrated Energy Systems","","","may : Special Sessions address one or more Tracks, but they should be Organized under a unified theme. Special Sessions are intended to allow projects or any other group of authors to present their own work. Special Sessions may include one invit","","","","","https://www.icpies.org/",""
"2027 10th International Conference on Energy, Electrical and Power Engineering","","","","Keynote: Coming Soon....","Conference Committees | 组委会: Jessica Bian; Zhe Chen; Nikolaos Hatziargyriou; Vladimir Terzija; Xiaoping Zhang; Pierluigi Siano","","IEEE官方会议列表; IEEE Xplore. Media: IEEE官方会议列表; IEEE Xplore","https://www.ceepe.net/",""
"2027 13th International Conference on Control, Automation and Robotics","","","Sun: Prof. Ning , Nankai University, China Prof. Hongpeng Wang, Nankai University, China","","","","","https://www.iccar.org/",""
"2027 13th International Conference on Renewable Energy Technologies","","","","","Committee: Mingcong Deng (Tokyo University of Agriculture and Technology); Hirohito Yamada (Tohoku University); Masayuki Morimoto (Tokai University); Kei Eguchi (Fukuoka Institute of Technology); Changan Jiang (Osaka Institute of Technology); Yutian Liu (Shandong University); Pierluigi Siano (University of Salerno); M. A. K. Lodhi (Texas Tech University); Tanakorn Wongwuttanasatian (Khon Kaen University); Wanglok Do (Fukuoka Institute of Technology); Andres Annuk (Estonian University of Life Sciences); Aref Afsharfard (Pusan National University); Chaohui Zhao (Shanghai Dianji University); Dae-Won Chung (Honam University); Jen-Cheng Wang (National Taipei University of Education); Jinqin Ren (Beijing University of Chemical Technology); Maged Nashed (Electronics Research Institute); Mazyar Zand; Miguel E. M. Udaeta (Universidade de São Paulo); Tarek Abdel-Salam (Ain Shams University); U. K. SINHA (National Institute of Technology Jamshedpur); Yang Han (University of Electronic Science and Technology of China); Ying-Yi Hong (Chung Yuan Christian University); Yi-Ping Wang (Wuhan University of Technology); Yu-Chung Tsao (National Taiwan University of Science and Technology); Zhengmao Ye (Southern University); Zhenzhi Lin (Zhejiang University); Xiaohong Xu (University of Windsor); Tomislav Kurevija (University of Zagreb); Sathaporn Chuepeng (Kasetsart University); Tao Xie (Shanghai University); Amit Sant (Pandit Deendayal Energy University); Boyu Qin (Xi’an Jiaotong University); Wongkot Wongsapai (Chiang Mai University); Lim Boon Han (Universiti Tunku Abdul Rahman); Varun Thangamani (University of Southampton Malaysia); Yuko Hirase (Toyo University); Abdulaziz Atabani (Yuan Ze University); Zhongkai Yi (Harbin Institute of Technology); Yosuke Kakinuma (Chiang Mai University); Chaiyut Sumpavakup (King Mongkut's University of Technology North Bangkok); Muhammad Arshad Shehzad Hassan (The University of Faisalabad); Mitsuhide Sato (Shinshu University); Ramadas Narayanan (Central Queensland University); Chan Kar Tim (Universiti Putra); Chew Kuew Wai (Universiti Tunku Abdul Rahman); Chew Sue Ping (Universiti Pertahanan Nasional Malaysia); Edison E. Mojica (Polytechnic University of the Philippines); Javier Menendez; Jianhui Wong (Universiti Tunku Abdul Rahman); Lee Cheun Hau (Universiti Tunku Abdul Rahman); Lorant Szolga (Technical University of Cluj-Napoca); Patrick S. Pouabe Eboule (University of Johannesburg); Siti Rohani Sheikh Raihan (University of Malaya); Tsung-Mou Huang (Taiwan Power Company); Yasin Bektaş (Aksaray University); Yu-Jen Liu (National Chung Cheng University); Azharudin bin Mukhtaruddin (Universiti Pertahanan Nasional Malaysia)","","","https://www.icret.org/",""
"2027 10th International Conference on Electrical Engineering and Green Energy","","","","Keynote: High Voltage Engineering; Energy Conversions; Electrical Machines; Analog Circuits; Biomedical Electronics; Magnetic Materials; Smart Grid; Electrical Energy Storage; Electric Vehicles; Energy Efficiency; Green Hydrogen Development; Sylvia Zong; Jamshid Aghaei CQUniversity Australia","Organizers: Sylvia Zong. Committee: Andrés Elías Feijóo Lorenzo (Universidade de Vigo); Nikolaos Manousakis (University of West Attica); Pawan Sharma (University of Tromsø (UiT)); Tahar Tafticht (Université du Québec en Abitibi-Témiscamingue (UQAT)); María José Muñoz Torrecillas (Universidad de Almería); Peiyi Zhao (Chapman University); Mohd. Rafi bin Adzman (Universiti Malaysia Perlis); Melih Onay (Van Yuzuncu Yil University); Daniel Villanueva Torres (University of Vigo); Adriano Péres (Universidade Federal de Santa Catarina - UFSC Blumenau); Hongbo Sun (Mitsubishi Electric Research Laboratories); Weeranut Intagun (Silpakorn University); Fuqing Yuan (UiT The Arctic University of Norway); Aggelos Bouchouras (University of Western Macedonia); Saad A. EL-Syaed Hamad (Zagazig University, AlSharkia); Imed Ben Dhaou (University of Turku); Mohamed Gamal Hussien (Tanta University); Gheorghe-Daniel Andreescu (Politehnica University Timisoara); Andrew Wolfe (SANTA CLARA UNIVERSITY); Addisson Salazar (Universidad Politécnica de Valencia); Nedim Tutkun (İstanbul Ticaret Üniversitesi); Fabio Mottola (University of Naples Federico); Mostafa Shaaban (American University of Sharjah); Bimal K. Bose (University of Tennessee); Chetto Maryline (University of Nantes); Mihaela Popescu (University of Craiova); Sorin Musuroi (Politehnica University of Timisoara); Fred Barez (San José State University); Yassine Amirat (ISEN Yncréa Ouest); Mihai Gavrilas (Technical University of Iasi); Jelena Loncarski (University of Bologna); Gheorghe Grigoras (Technical University of Iasi); Gordon Huang (University of Regina); Silvia Brunoro (University of Ferrara); Darius Andriukaitis (Kaunas University of Technology); Sohrab Mirsaeidi (Beijing Jiaotong University); Hamed Aly (Acadia University); Ummuhan Basaran Filik (Eskişehir Technical University); Phuong Nguyen (University of Technology); Kamyar Mehran (Queen Mary University of London); S. T. Coelho (University of São Paulo); Tomasz N Koltunowicz (Lublin University of Technology); Amr Ahmed A. Radwan (Western Washington University); Gordana Jovanovic Dolecek (INAOE); Nawaf Hazim Saeid (Universiti Teknologi Brunei); Tamás Iváncsy (Budapest University of Technology and Economics); Emilio Barocio (Universidad de Guadalajara); Zoltan Ádám Tamus (Budapest University of Technology & Economics); Yasemin Öner (Yildiz Technical University); Benedetto Di Ruzza (Trento Institute for Fundamental Physics and Applications); Dan Gota (Technical University of Cluj-Napoca); Fehmi Jaafar (The Computer Research Institute of Montreal); Kenan Şentürk (Gelişim University); Amjad Gawanmeh (University of Dubai); Franz Gassner (University of Saint Joseph); Hamid Reza Shaker (University of Southern Denmark); Wina Graus (Utrecht University); Prasanta Ghosh (Syracuse University); Piotr J. Chrzan (Politechnika Gdanska); Nur Hassan (Central Queensland University); Francisco Gonzalez-Longatt (University of Southeast Norway); Zhixin Wang (Shanghai Jiaotong University); Teo Tee Hui (Singapore University of Technology and Design); Wei Deng (Institute of Electrical Engineering, CAS); Sunliang Cao (The Hong Kong Polytechnic University); Sermsak Uatrongjit (Chiang Mai University); Libing Jing (China Three Gorges University); Peter Yang (Case Western Reserve University); Farhad Shahnia (Murdoch University); Jianhua Wang (Southeast University); Wenxin Mu (Beijing Jiaotong University); Filippo Genco (Yangzhou University, China). 2026 Organizing Committee 会议组委会: Jianning Ding; Joydeep Mitra; Giuseppe Buja; Qing Xia; Yang Hua; Zaijun Wu; Jun Zhang; Guifeng Wu; Hartmut Hinz; Philip W. T. Pong; Weijun Zhu; Wei Jiang; Kaveh Ashenayi; Mohan Kolhe; Alexandre Piantini; Juping Gu; Jian Wang; Yiming Xu; Jiyong Zhang; Ya Guo; Reiner Johannes Schütt; Chuan He; Shengquan Li; Songli Fan; Song Xu; Wenlong Ming; Muhammad Junaid; Luís Felipe Normandia Lourenço","","","https://www.ceege.org/",""
"2027 7th International Conference on Computer, Control and Robotics","","","March : Biographies : Include brief biographical sketches of the session proposers(s). Submission Deadline: 1st, 2027. may : Note: Technical sessions are normally expected to have 5-8 papers. In exceptional cases (like industrial talks, or contribution by particularly renowned speakers), it be possible to have sessions of one talks without an associate paper or a","","Organizing Committee: Publication Chairs; Publicity Chairs; Publicity Co-Chairs. Conference General Chair: Bing Xu (Zhejiang University); Li Zhang (The Chinese University of Hong Kong); Binrui Wang (China Jiliang University); Ge Shi (China Jiliang University); Liang Hu (Zhejiang University); Aihong Tan (China Jiliang University); Grigorios N. Beligiannis (University of Patras)","","","https://www.icccr.org/",""
"EduCon Tokyo – International Conference on Education","","","","Keynote: Rea Raus; Raj Mestry; Shahira El Alfy; Luke Carson; Kasereka Sivalikwiha Matsundo; Ömer Solak; Alvin B. Punongbayan; Hima Parameswaran; Aljemedin S. Jaudinez; Ross Burkhart; Hii Puong Koh; Maria Teresa Matriano Assistant Professor (Middle East College); Froilan D. Mobo; John Joseph D. Zarate; Sandrina Diniz Fernandes Milhano; Lourdes Atiaja; Vitor Tomé; Ana Verde Trabada; Hilda H. Aseoche; Lajarca St. Junction; Mario Pace. B.Ed; Lynne M. Celli; Jose Elmer S. Oficiar; Tagum City; Haleema Sadia; Director Edufaminternational; Chairperson SAET; Lawrence Meda; Bashar Malkawi; Nuria Recuero Virto; Dom Thompson; Somayeh Ahangaran; Wijaya Heru Santosa; Steven C. Koehn; General Manager (University of Indianapolis television station); Cell Dilon; Ana Sofia Saldanha; Christine Condaris; Mladen Milicevic; Beata Mirecka Jakubowska; Diena Noviarini; Joanne Blannin; Lee Saw Im; Senior Chemistry Teacher; Sanjay Gupta; Associate Dean (Langdale College of Business); Jari Martikainen; Junior Researcher (University of Eastern Finland); Abdel Rahman Mitib Altakhaineh; Peter Shephard; Noor Hanim Rahmat; Ma. Victoria Castillo Magayon; János Kollár; Assistant Professor Dr Patama Satawedin; Henrique Teixeira Gil; Senior Lecturer (Polytechnic Institute of Castelo Branco); H M Belal Senior Lecturer (Liverpool Business School); Witold Matulewicz; Henjie A. Carmelotes; Saravanan Sugumaran; Meiyanti Widyaningrum; Holger Nord; Area Manager (Victorian School of Languages); Liudmyla Gryzun; Vasiliki Kakosimou; Juana Mª Ortega-Tudela; Julia Milner; Academic Director Global MBA; Boontip Siritarungsri; Namita Panicker; Learning And Development; Sandra Rahman; Aseel Zibin; Mahboob Sooltan Sohawon; Arshad I Ashraf; Mahend Gungapersad; Kanlaya Daraha; Chen Wenli (National Institute of Education); Thanapauge Chamaratana; Kumar Laxman; Subrata Chattopadhyay (RWTH Aachen University); Navid Mollaee (University Lecturer Management Consultant); Iman Farshchi (Head of School); P. Sujatha (Department of English at Kongu Nadu Arts and Science College); Gnanaprakasam Chinnappan (School of Accounting and Finance); Agila Govindarajan (KTG Education Group); Varijakshi Prabhakaran (Northern Lakes College); Abdul Kayoom.V (Department of English); MD. Shamim Hossain; Hiroshi Hasegawa (School of Education); Manoj Sahni (Department of Mathematics and Computer Science Pandit Deendayal Petroleum University); Mohd Nazri Bin Latiff Azmi (Faculty of Languages and Communication); Sampath Emani; Nirmaljit K Rathee; Acting Director (Education Department); N B Jubani (Professor of Education and Dean Faculty of Social Sciences)","","","","https://teacherforum.org/tokyo-educon-13-14-apr-2027",""
"2027 13th International Conference on Education and Training Technologies","","","","","Organizing Committee: Jong-Moon Lee (Hyupsung University); Minhoe Kim (Busan University of Foreign Studies); Ilgu Kim (Hannam University); Andy Chun Wai FAN (University of Macau); Yuan Wang (Jinan University); Yanjie Song (The Education University of Hong Kong); Rubing Huang (Macau University of Science and Technology); Zigang Ge (Beijing University of Posts and Telecommunications); Mark Anthony Camilleri (University of Malta); Hongfeng Zhang (Macao Polytechnic University); Luan Trong Nguyen (FPT University); Darjat Sudrajat (BINUS University); Anibal Tavares de Azevedo (Universidade Estadual de Campinas); Moresa Joy V. Gregana-Alcaraz (National University); Roel B. Lauron (Cebu Institute of Technology University); Andrew Filmer (UCSI University); Huichuan Dai (Guangdong University of Science and Technology); Lyubov Grosheva (Tyumen Higher Military Engineering Command School); Ma. Monica Moreno (Ateneo de Manila University); Siu-Lun Lee (The Chinese University of Hong Kong); Huiwen Huang (Shaoguan University); Ho-ying Holly Chung (Hang Seng University of Hong Kong); Man Fung LO (The University of Hong Kong); Irene Balmes (National University); Kenn Migan Vincent C. Gumonan (Cebu Institute of Technology University); Cherry Lyn C. Sta. Romana (Cebu Institute of Technology); Tanti Listiani (Pelita Harapan University); Melda Jaya Saragih (Pelita Harapan University); Catherine N. Arellano (Cebu Institute of Technology); Lucky Boy M. Alcala (National University Philippines); Leticia C. Gamad (National University Philippines); Eugene C. Busico (Cebu Institute of Technology-University); Leah V. Barbaso (Cebu Institute of Technology University); Su-Mae Tan (Multimedia University Melaka); Shakhnoza Pozilova (Tashkent University of Information Technologies); Johnalyn L. Figueras (Cebu Institute of Technology); Yiming Qin (Shanghai Open University); Liqiao Nong; Eko Hadi Sujiono (Universitas Negeri Makassar); Cheryl B. Pantaleon (Cebu Institute of Technology-University); Patrick L. Bacalso (Cebu Institute of Technology-University); Sevillia S. Felicen (Lyceum of the Philippines University Batangas); Atty. Diana Alpas Velasco (University of San Jose-Recoletos); Maria Theresa B. Kalaw (National University); Alice Maldonado Lacorte (National University Philippines); Jayson Guia (National University); Ronald C. Catapang (National University); Gene Roy P. Hernandez (National University); Jay-ar C. Dimaculangan (National University); Noelah Mae D. Borbon (National University); Clara Herlina Karjo (Bina Nusantara University); Jennifer Z. Hernandez (National University Philippines); Julian B. Semblante (Cebu Institute of Technology University Cebu City); Jay Vince Donoso Serato (Cebu Institute of Technology-University); Qizhong Ou (Nanning Normal University); Janice T. Fischer (National University); Junjie Gavin Wu (Macao Polytechnic University); Ariel M. Sison (Emilio Aguinaldo College); Xieling Chen (The Education University of Hong Kong); Sandra Gudiño Paredes; Muhamad Fairus Kamaruzaman (Universiti Teknologi Mara); Min Dong (South China University of Technology); Demetrios Sampson (University of Piraeus); Mohd Norazmi bin Nordin (Universiti Kebangsaan Malaysia); Larcyneil P. Pascual (The University of Mindanao); Seppo Sirkemaa (University of Turku); Qu Jingru (The Chinese University of Hong Kong); John Arvin Anday Glo (National University); Amy Wong (Singapore University of Social Sciences); Zinka Bejtic (American University of Sharjah); Yang Qiu (Zhuhai College of Science and Technology); Tangguh Okta Wibowo (Universitas Multimedia Nusantara); Dinesh Sharma (Fordham University); Yulan Huang (Yuan Ze University); Iuliia Chaplinska (Vrije Universiteit Amsterdam); András Szeberényi (Budapest Metropolitan University); Tantikorn Pichpibul (Bangkok University); Dionafer B. Modesto (National University); Bambang Budi Wiyono (Universitas Negeri Malang); Michael Free (Chuncheon National University of Education); Dongkun Han (The Chinese University of Hong Kong); Ridvan Ata (Muğla Sıtkı Koçman University); Amna Khaliq (University of Fredericton); Qingchun Bai (Shanghai Open University); Muslihah Wook (National Defence University of Malaysia); Shamsiah Banu Mohamad Hanefar (INTI International University); Yang Feng (Zhejiang International Studies University); Chee Ken Nee (Universiti Pendidikan Sultan Idris); Yiping Gu (Zhejiang University of Water Resources and Electric Power); Boonlert Watjatrakul (King Mongkut’s Institute of Technology Ladkrabang); Scott Stockton (Northern Arizona Institute of Shanghai Normal University Tianhua College)","","","https://www.icett.org/",""
"2027 9th International Conference on Advanced Mechanical and Electrical Engineering","","","","","Committees: Yutian Liu (Shandong University); Rongnian Tang (Hainan University); Huanlai Xing (Southwest Jiaotong University); Mahmoud Shafik (University of Derby); Wei Fu (Hainan University); Shaofeng Ru (Hainan University); Waqar Iqbal (Shandong University of Technology)","","","https://www.amee.net/",""
"2027 12th International Conference on Sustainable and Renewable Energy Engineering","","","","","Committee: Advisory Chair; Gianfranco Chicco; Arcady Zhukov (University of Basque Country); Erwin Franquet (Université Côte d'Azur); Kwok Cheung; David T.W. Lin (University of Tainan); Zhenzhi Lin (Zhejiang University); Tao Zhang (Macao Polytechnic University); Adriano Péres (Federal University of Santa Catarina); Publicity Chair; Mohammad Nazififard (Côte d'Azur University); Regional Chair; Rubén D. Santiago-Acosta; Nezihe Ayas (Eskisehir Technical University); Zhongfu Zhou (Swansea University); Petar Ilinčić (University of Zagreb); Miroslava Bérešová (Slovak University of Technology in Bratislava); Anniken Karlsen (Norwegian University of Science and Technology)","","","https://www.icsree.com/",""
"EduCon London – International Conference on Education","","","","Keynote: Rea Raus; Raj Mestry; Shahira El Alfy; Luke Carson; Kasereka Sivalikwiha Matsundo; Ömer Solak; Alvin B. Punongbayan; Hima Parameswaran; Aljemedin S. Jaudinez; Ross Burkhart; Hii Puong Koh; Maria Teresa Matriano Assistant Professor (Middle East College); Froilan D. Mobo; John Joseph D. Zarate; Sandrina Diniz Fernandes Milhano; Lourdes Atiaja; Vitor Tomé; Ana Verde Trabada; Hilda H. Aseoche; Lajarca St. Junction; Mario Pace. B.Ed; Lynne M. Celli; Jose Elmer S. Oficiar; Tagum City; Haleema Sadia; Director Edufaminternational; Chairperson SAET; Lawrence Meda; Bashar Malkawi; Nuria Recuero Virto; Dom Thompson; Somayeh Ahangaran; Wijaya Heru Santosa; Steven C. Koehn; General Manager (University of Indianapolis television station); Cell Dilon; Ana Sofia Saldanha; Christine Condaris; Mladen Milicevic; Beata Mirecka Jakubowska; Diena Noviarini; Joanne Blannin; Lee Saw Im; Senior Chemistry Teacher; Sanjay Gupta; Associate Dean (Langdale College of Business); Jari Martikainen; Junior Researcher (University of Eastern Finland); Abdel Rahman Mitib Altakhaineh; Peter Shephard; Noor Hanim Rahmat; Ma. Victoria Castillo Magayon; János Kollár; Assistant Professor Dr Patama Satawedin; Henrique Teixeira Gil; Senior Lecturer (Polytechnic Institute of Castelo Branco); H M Belal Senior Lecturer (Liverpool Business School); Witold Matulewicz; Henjie A. Carmelotes; Saravanan Sugumaran; Meiyanti Widyaningrum; Holger Nord; Area Manager (Victorian School of Languages); Liudmyla Gryzun; Vasiliki Kakosimou; Juana Mª Ortega-Tudela; Julia Milner; Academic Director Global MBA; Boontip Siritarungsri; Namita Panicker; Learning And Development; Sandra Rahman; Aseel Zibin; Mahboob Sooltan Sohawon; Arshad I Ashraf; Mahend Gungapersad; Kanlaya Daraha; Chen Wenli (National Institute of Education); Thanapauge Chamaratana; Kumar Laxman; Subrata Chattopadhyay (RWTH Aachen University); Navid Mollaee (University Lecturer Management Consultant); Iman Farshchi (Head of School); P. Sujatha (Department of English at Kongu Nadu Arts and Science College); Gnanaprakasam Chinnappan (School of Accounting and Finance); Agila Govindarajan (KTG Education Group); Varijakshi Prabhakaran (Northern Lakes College); Abdul Kayoom.V (Department of English); MD. Shamim Hossain; Hiroshi Hasegawa (School of Education); Manoj Sahni (Department of Mathematics and Computer Science Pandit Deendayal Petroleum University); Mohd Nazri Bin Latiff Azmi (Faculty of Languages and Communication); Sampath Emani; Nirmaljit K Rathee; Acting Director (Education Department); N B Jubani (Professor of Education and Dean Faculty of Social Sciences)","","","","https://teacherforum.org/london-educon-26-27-apr-2027",""
"2027 8th International Conference on Information Technology and Education Technology","","","may : Papers submitted to special sessions will undergo the same review process as regular papers, where the Special Session Organizers are responsible for organizing the peer-review process. If a Special Session has a low number of accepted pape","","","","","https://www.itet.net/",""
"2027 The 10th International Conference on Artificial Intelligence and Big Data","","","","Speaker: Xianbin Wang (Western University); Qun Jin (Waseda University); Jianhua Ma (Hosei University); Hongping Gan (Northwestern Polytechnical University)","","","","https://www.icaibd.org/",""
"2027 13th International Conference on Computer Technology Applications","","","","","International Advisory Committee: General Chair","","","https://www.iccta.net/",""
"2027 14th International Conference on Management and Education Innovation","","","","Keynote: London Experience","Organizing Committee: Rong Zhang (Nishinippon Institute of Technology); Inci Bilgin Tekin (Istanbul Bilgi University)","","","https://www.icmei.org/",""
"37th Anniversary World Congress on Biosensors","","","","Keynote: The Chemical Engineering Journal (peer-reviewed research journal dedicated to publishing high-quality). Plenary: Amy Shen (Okinawa Institute of Science and Technology Graduate University). Speaker: Koji Sode (The University of North Carolina at Chapel Hill and North Carolina State University, USA)","Organisers: The Chemical Engineering Journal (peer-reviewed research journal dedicated to publishing high-quality). Committee & Speakers: Koji Sode (The University of North Carolina at Chapel Hill and North Carolina State University, USA)","","Biosensors and Bioelectronics opens in new tab/window; Sensing and Biosensing Research opens in new tab/window; Sensors and Actuators Reports opens in new tab/window; Biosensors & Bioelectronics opens in new tab/window; Biosensors & Bioelectronics; Biosensors and Bioelectronics: X opens in new tab/window; Biosensors and Bioelectronics: X; Advanced Biosensors opens in new tab/window; Advanced Biosensors; Chemical Engineering Journal (CEJ) opens in new tab/window; Chemical Engineering Journal (CEJ); Measurement: Sensors opens in new tab/window; 2606221218_MEASEN; Sensing and Bio-Sensing Research opens in new tab/window; Sensing and Bio-Sensing Research; Sensors and Actuators Reports; https://metrohm-dropsens.com opens in new tab/window; Metrohm DropSens; PalmSens BV","https://www.elsevier.com/events/conferences/all/anniversary-world-congress-on-biosensors",""
"Biosensors 2027: 37th Anniversary World Congress on Biosensors","","","","","Organisers: The Chemical Engineering Journal (peer-reviewed research journal dedicated to publishing high-quality). Committee & Speakers: Koji Sode (The University of North Carolina at Chapel Hill and North Carolina State University, USA)","","","https://www.elsevier.com/events/conferences/all/anniversary-world-congress-on-biosensors",""
"2027 5th International Conference on Precision Engineering and Mechanical Manufacturing","","","","","Conference Committees: Steven Y. Liang (Georgia Institute of Technology); Han-Yong Jeon (Inha University); Ramesh K. Agarwal (Washington University in St. Louis); Stefan Dimov (University of Birmingham); Rong Liu (Carleton University); Akhil Raj Yallamelli (University of Central Missouri); Petar Ilinčić (University of Zagreb); Jane Choi; Shinsuke Hattori (Saga University)","","","https://www.pemm.net/",""
"2027 13th International Conference on e-Society, e-Learning and e-Technologies","","","","Keynote: Huiyu Zhou; Anthony (Tony) Cohn; Hui Yu","","","","https://icslt.org/",""
"2027 14th International Conference on Mechanics, Materials and Manufacturing","","","","Keynote: Technical Supporter; Richard (Chunhui) Yang; Henry Hu; Teresa Zielinska (Warsaw University of Technology, Poland); Alan Lau (Swinburne University of Technology, Australia)","Committee: Henry Hu (University of Windsor); Doo-Yeol Yoo (Yonsei University); John Mo (RMIT University); Makoto Iwasaki (Nagoya Institute of Technology); Richard (Chunhui) Yang (Western Sydney University, Australia); Sherman C.P. Cheung (RMIT University); Songgang Qiu (West Virginia University); Somkiat Tangjitsitcharoen (Chulalongkorn University); Aidy Ali (National Defence University of Malaysia)","","","http://www.icmmm.org/",""
"CVPR 2027","","","","","2027 Organizing Committee: Deva Ramanan (Carnegie Mellon University); Arun Ross (Michigan State University); Alexander Berg (University of California Irvine); Vicky Kalogeiton; Nicu Sebe (University of Trento); Humphrey Shi; Angela Yao; Karteek Alahari (Inria); Shiyu Chang; Wuyang Chen (Simon Fraser University); Lingjie Liu (Max-Planck Institute); Chang Xu (University of Sydney); Vitomir Struc (University of Ljubljana); Zhangyang Wang (University of Texas at Austin); Bolei Zhou (University of California); Lee Campbell; Nicole Finn","","","https://cvpr.thecvf.com/",""
"2027 The 13th International Conference on Frontiers of Educational Technologies","","","","Featured: Yoshifumi Manabe (Kogakuin University, Japan); Neil Gordon (University of Hull, UK); Eric Tsui (The Hongkong Polytechnic University, China); Emeritus Hiroyuki Kameda (Tokyo University of Technology, Japan); Pietro Paolo Frigenti (The University of Manchester, UK)","Conference Committee: Regional Chairs Clifton Ann (Louisiana Tech University)","","","https://www.icfet.org/",""
"2027 15th Asia Conference on Mechanical and Materials Engineering","","","","Keynote: Ninshu Ma (Osaka University, Japan); Chun-Hui Wang (University of New South Wales, Australia)","Conference Committees: Ramesh K. Agarwal (Washington University in St. Louis); Osamu Tabata (Kyoto University of Advanced Science); Yong Suk Yang (Pusan National University); Kazuo Umemura (Tokyo University of Science); Yoshihiro Kimura (Tohoku University); Lijie Grace Zhang (The George Washington University); Quang-Cherng Hsu (National Kaohsiung University of Science and Technology); Paul Funkenbusch (University of Rochester); Willyanto Anggono (Petra Christian University); Nguyen Huu Loc (Ho Chi Minh City University of Technology); Cherng-Yuan Lin (National Taiwan Ocean University); Roy Tumlos (University of the Philippines Manila)","","Lecture Notes in Mechanical Engineering; Scientific.Net; Materials Science Forum (MSF); Solid State Phenomena (SSP); Key Engineering Materials (KEM); IET Nanodielectrics; Patrons; Notification Due: March 1, 2027","https://www.acmme.org/",""
"2027 11th International Conference on Intelligent Computing and Virtual & Augmented Reality Simulations","","","","","","","Conmpany Name","https://www.icvars.org/",""
"2027 9th International Conference on Computer Communication and the Internet","","","","Keynote: Chuan-Yu Chang (IEEE Senior Member) received his Ph.D. in Electrical Engineering from National Cheng Kung University)","ICCCI 2026 Organizing Committees: Daiki Nobayashi (Kyushu Institute of Technology); Chenglong Shao (Kyushu Institute of Technology); You-Chiun Wang (National Sun Yat-sen University); Chieh-Yuan Tsai (Yuan Ze University); Pei-Chi Huang (University of Nebraska Omaha); Chih-Jen Chen (Tamkang University); Muhammad Tariq Mahmood (Korea University of Education and Technology); Yong Shi (Kennesaw State University); Shi-Cho Cha (National Taiwan University of Science and Technology); Minchuan Huang (Guangdong University of Petrochemical Technology); Chengqi Yi (State Information Center); Pascal Lorenz (University of Haute Alsace); Smain Femmam (Strasbourg University of Haute Alsace); Maki K. Habib (The American University in Cairo); Francesco Zirilli (Sapienza Universita Roma); Takeshi Ikenaga (Kyushu Institute of Technology); Akihiro Fujihara (Chiba Institute of Technology); Wanyang Dai (Nanjing University); Hung Che-Lun (National Yang Ming Chiao Tung University); Radek Matusu (Tomas Bata University in Zlin); Yuh-Min Tseng (National Changhua University of Education); Chikara Ohta (Kobe University); Gyu Myoung Lee (Liverpool John Moores University); Sinan Chen (Kobe University); Tianbing Xia (University of Wollongong); Li-Der Chou (National Central University); Liming Zhang (University of Macau); Hung-Chi Chu (Chaoyang University of Technology); Wassapon Watanakeesuntorn (The University of Osaka); Hiroshi Sunaga (Osaka Gakuin University); Yi-Zeng Hsieh (National Taiwan University of Science and Technology); Gung Mulyo Widodo (Esa-Unggul University)","","","https://iccci.org/",""
"2027 The 10th International Conference on Circuits, Systems and Simulation","","","","Keynote: Andrei Vladimirescu IEEE Fellow; Chua-Chin Wang (Chair of IEEE Circuits and Systems Society (CAS-S), Tainan Chapter)","Committees: Andrei Vladimirescu (University of California at Berkeley); Amara AMARA (Hangzhou International Innovation Institute); Nguyen Gia Nhu (Duy Tan University); Guennadi Kouzaev (Norwegian University of Science and Technology); Shunji Nishimura (National Institute of Technology); Huang Dang-Viet (Duy-Tan University); Ava Patel (Massey University); Ning Zhang (Radiawave Technologies)","","","https://www.iccss.org/",""
"International Conference on One Health 2027","","","","","Conference Chairs: Xiao-Nong Zhou (EiC of Science in One Health); Lu He (Managing Editor of Science in One Health); Lucy Jones; Holmkvist Chris; Simon Lin; Yang Lu; Ella Li; Edwin Anitha Jasmine; Rui Li. Committee & Speakers: Xiao-Nong Zhou (EiC of Science in One Health)","","浏览并下载国际全健康大会（ICOH2027）赞助商与展商权益手册 opens in new tab/window","https://www.elsevier.com/events/conferences/all/international-conference-on-one-health",""
"2027 11th International Conference on Education and Distance Learning","","","","","Committee: Mario Barajas Frutos (University of Barcelona); Smain Femmam (UHA University France); Maria Beatrice Ligorio (University of Bari); Olivier Rioul (Institut Polytechnique de Paris); Ismail Bennis (UHA University France Toufik Bakir); Samuel Lukas (Universitas Pelita Harapan)","","","https://icedl.org/",""
"KDD 2027","","","Tracks: Research Track: Call for Papers. August 2027: KDD is the premier Data Science and AI conference with a Research track, an Applied Data Science Track, a Datasets & Benchmarks Track, and an AI for Sciences Track. The conference will take place in in San Jose, California. KDD has two subm. July 19, 2026: Abstract Deadline. July 26, 2026: Paper Deadline. September 29: Author Rebuttal Period: -October 13, 2026. November 14, 2026: Notification. may : Foundations of Knowledge Discovery and Data Science. Submissions are invited to discuss core models, algorithms, and theoretical insights for knowledge discovery. Topics include data-driven learning and structured knowledge extraction, incl. may : Modern AI and Big Data. Submissions are invited to elaborate on the intersection of AI and massive data repositories. Topics include deep representation learning, meta-learning, in-context learning, prompt engineering, continual learning, f. may : Trustworthy and Responsible Data Science. Submissions are invited to feature techniques and frameworks that ensure responsible data use, management, and analysis. Topics include data security, data privacy, data transparency, accountability. may : Systems for Data Science and Scalable AI. Submissions that detail new architectures, systems, and infrastructures for large-scale data analysis and machine learning (e.g., distributed computing, federated learning, cloud-based systems) are . may : Data Science Applications. Submissions are invited for innovative data science and artificial intelligence (AI) applications. Topics include methods for analyzing social science, and legal data, as well as time series, text, graphs, Interne. may : Papers that describe general methodologies that apply in science as well as other KDD domains should continue to submit to the research track.. may : No placeholder abstracts. Placeholder or dummy abstracts are forbidden. Large changes to the title and abstract result in a desk rejection.. may : Anonymity. The review process for the research track will be double-blind . The submitted document should omit any author names, affiliations, or other identifying information. This include, but is not restricted to acknowledgments, self-ci. may : Formatting Requirements. Submissions must be in English, in double-column format, and must adhere to the ACM template and format (also available in Overleaf); Word users use the Word Interim Template. The recommended setting for LaTeX is. may : Resubmission Guidelines. A paper that receives a Resubmit decision during the 2026 Cycle 2 period submit a revised version to the KDD 2027 (Cycle 1) deadline. A paper that was either rejected or withdrawn after receiving its reviews during . July 2026: Correspondingly, some of the new submissions to the deadline may receive a Resubmit decision for the February 2027 deadline.. may : Any author listed on 3 or more papers be automatically signed up as a reviewer unless they are already serving as a reviewer, AC, or SAC.. may : Please consult the regulations of your institution(s) indicating when a review by an Institutional Ethics Review Board (IRB) is needed. Note that submitting your research for approval by such not always be sufficient. Even if such research . may : Withdrawal. Authors use the withdrawal button on OpenReview at any time. If withdrawal is made after reviews have been revealed to authors, the paper will face a 12-month waiting period before it could be submitted to KDD again.. may : Any transgression that falls short of ethical standards will be investigated and face disciplinary actions. Such transgressions include, but are not limited to, falsification, dual submission, collusion, pressuring any member of the program. may : Reproducibility. In their submission, authors refer to an anonymized GitHub repository, though not strictly required, it is highly recommended. After the submission deadline, there will be no further opportunity to share this with reviewers. may : Upon submission, authors can pledge that they will make their artifacts available upon publication. This pledge will be revealed to reviewers, who consider this commitment positively. An accepted paper that later reneges on its pledge may h. may : Presentation. Every accepted paper must be presented at the conference. Only a portion of accepted papers will be selected to present orally at the conference. No-show papers be withdrawn from the conference program and proceedings where it","","","","","https://kdd2027.kdd.org/",""
"2027 10th International Conference on Machine Learning and Machine Intelligence","","","","Speaker: Best Presentation","Organizing Committee: Job Description; Publication Chairs; Jiarong Yang (Shanghai Electric Group Co.); Zexin Shen (Quanzhou University of Information Engineering); Jianhua Wang (Taiyuan University of Technology); Yu-cheng Lin (Yuan Ze University); Wei-Guang Teng (National Cheng Kung University); Meenakshi Malik (BML Munjal University); Joselito C Magadia (University of the Philippines)","","Organized by; Assisted by; Technical Supported by","https://mlmi.net/",""
"IFT FIRST 2027","","","","","","","McCormick Place - South Hall; IFT Floor Plan 2026; Rules Icon; Dates Icon; Roadmap Icon; IFT Entrance; IFT Hub; FIRST Ribbon Cutting","https://www.ift.org/ift-first-event/",""
"2027 17th International Conference on Biomedical Engineering and Technology","","","","Speaker: Best Presentations; ICBET History; TOKYO CITY ATTRACTIONS","","","","https://icbet.org/",""
"Transportation Research Symposium 2027","","","","","Welcome statements from the Conference Chairs: Jason Cao (University of Minnesota); Karl Kim (University of Hawaii); Ying-En (Ethan) Ge (Chang’an University, China); Zhiyuan Liu (Southeast University); Parts A-F (social science). Committee & speakers: Jason Cao (Executive Chair, University of Minnesota, USA); Jasmine Lam (Technical University of Denmark); Karl Kim (University of Hawaii); Ying-En (Ethan) Ge (Chang’an University, China); Zhiyuan Liu (Southeast University). Conference Chairs: Executive Chair (University of Minnesota)","","WCTRS-Vertical-Blue-Text; Mozilla Firefox; Microsoft Edge; Google Chrome; Transportation Research Symposium 2027","https://www.elsevier.com/events/conferences/all/transport-research-symposium",""
"10th International Conference on Fracture of Polymers, Composites and Adhesives","","","","","Committee: Bamber R.K. Blackman (Imperial College London); Andreas J. Brunner; René Alderliesten (Technical University of Delft)","","ESIS opens in new tab/window; Engineering Fracture Mechanics opens in new tab/window; ESIS journal cover; Mozilla Firefox; Microsoft Edge; Google Chrome","https://www.elsevier.com/events/conferences/all/esistc4conference",""
"Future Foods Congress 2027","","","","","Local Organizer opens in new tab/window: Future Foods. Committee & Speakers: Antonio Derossi (University of Foggia, Italy); Thomas Kivevele (Talk title: Renewable Energy for African Food Systems)","","#futurefoods2027 opens in new tab/window; Mozilla Firefox; Microsoft Edge; Google Chrome","https://www.elsevier.com/events/conferences/all/future-foods-congress",""
"2027 IAA Conference / IAA MOBILITY","","","","Keynote: Cross-Industry Dialogue","","","Logo BCG; Logo Clepa; Logo Drees and Sommer; Logo EIT; Logo Electronica; Logo Frauen Verbinden; Logo Founders Fight; Logo of Google; Logo HUSS; Logo IFAT; Logo Konzepthaus; Logo MIT; Logo Uni St. Gallen; Logo Vitra; Logo WAM; Logo WIM; Logo Kraftfahrzeug; Logo Zukunft Nahverkehr; Icon representing benefits for the automotive industry; Icon representing cycling and micromobility industry; Icon representing smart solutions for cities and infrastructure","https://www.iaa-mobility.com/en/visitors/iaa-formats-2027/iaa-conference",""
"RSNA Annual Meeting 2027","","","","Speaker: Education Exhibits; Scientific Posters; Presenter Portal; International Invitation Letter; Social Sharing; Presentation Best Practices; Hotel Information","RSNA Committees | Lead. Innovate. Make an Impact.: Time Commitment","","Newsroom; Daily Bulletin; purchase; innovation; diverse; Impact","https://www.rsna.org/annual-meeting/future-and-past-meetings",""
"Global Emergency Nursing Conference 2027","","","","","Mozilla Firefox","","Mozilla Firefox; Microsoft Edge; Google Chrome","https://www.elsevier.com/events/conferences/all/global-emergency-nursing-conference",""
"5th Food Chemistry Conference","","","","","Organizer: Analytical Chemistry; Food Safety. Committee & Speakers: Dongxiao Sun-Waterhouse (TUBİTAK Marmara Research Centre, Türkiye). Conference Committee: Senior Editor; Wang Yanbo (Beijing Technology and Business University); Sun Xiulan (Jiangnan University); Liao Xiaojun (China Agricultural University); Yin Junyi (Nanchang University); Li Chunbao (Nanjing Agricultural University); Zhang Hongyin (Jiangsu University); Wu Haitao (Dalian Polytechnic University); Mao Xiangzhao (Ocean University of China); Li Dapeng (Shandong Agricultural University); Xu Zhenlin (South China Agricultural University); Wang Yong (Jinan University); Emma Xu; Daphne Llewellyn Davies; Simon Lin; Yang Lu; Ella Li; Chenxi Zhao; Rui Li","","浏览并下载第5届食品化学会议（CHEM2027）赞助商与展商权益手册 opens in new tab/window; Food Wellness journal","https://www.elsevier.com/events/conferences/all/food-chemistry-conference",""
"EPIDEMICS 11: 11th International Conference on Infectious Disease Dynamics","","","","","Mozilla Firefox","","Supported by opens in new tab/window; Singapore Convention Bureau; Held in opens in new tab/window; Held in Singapore Passion; National University of Singapore; Mozilla Firefox; Microsoft Edge; Google Chrome","https://www.elsevier.com/events/conferences/all/international-conference-on-infectious-disease-dynamics",""
"Desalination Science and Technology 2027","","","","","Committee & Speakers: Tobias Wesselius; Simon Lin; Ludi Ding; Ella Li; Anitha Jasmine Edwin; Rui Li; Chloe Partridge","","Desalination opens in new tab/window; Desal; Desal1; Elsevier; Tongji University; Shanghai Advanced Research Institute (SARI); University of Technology Sydney; Follow on Twitter opens in new tab/window; Follow on LinkedIn opens in new tab/window; Novel desalination materials; Nanofiltration, reverse osmosis, forward osmosis, pressure retarded osmosis; Transport mechanisms in desalination; Electrochemical systems; Emerging desalination technologies; Ultrafiltration, microfiltration; Membrane distillation, pervaporation; Membrane fouling and control; Pre-treatment and post-treatment processes; Resources recovery; Novel hybrid systems and module design; Industry-scale desalination; Green hydrogen production from desalinated water; Renewable energy integration and low-carbon desalination; Environmental impact, brine management, LCA and sustainability assessment; 浏览并下载第八届国际海水淡化科学与技术大会（DESAL2027）赞助商与展商权益手册 opens in new tab/window","https://www.elsevier.com/events/conferences/all/desalination-science-and-technology",""
